-- MySQL dump 10.13  Distrib 8.0.40, for Linux (aarch64)
--
-- Host: 172.30.17.239    Database: nba
-- ------------------------------------------------------
-- Server version	8.0.40-0ubuntu0.24.04.1

/*!40101 SET @OLD_CHARACTER_SET_CLIENT=@@CHARACTER_SET_CLIENT */;
/*!40101 SET @OLD_CHARACTER_SET_RESULTS=@@CHARACTER_SET_RESULTS */;
/*!40101 SET @OLD_COLLATION_CONNECTION=@@COLLATION_CONNECTION */;
/*!50503 SET NAMES utf8mb4 */;
/*!40103 SET @OLD_TIME_ZONE=@@TIME_ZONE */;
/*!40103 SET TIME_ZONE='+00:00' */;
/*!40014 SET @OLD_UNIQUE_CHECKS=@@UNIQUE_CHECKS, UNIQUE_CHECKS=0 */;
/*!40014 SET @OLD_FOREIGN_KEY_CHECKS=@@FOREIGN_KEY_CHECKS, FOREIGN_KEY_CHECKS=0 */;
/*!40101 SET @OLD_SQL_MODE=@@SQL_MODE, SQL_MODE='NO_AUTO_VALUE_ON_ZERO' */;
/*!40111 SET @OLD_SQL_NOTES=@@SQL_NOTES, SQL_NOTES=0 */;

--
-- Table structure for table `chat_messages`
--

DROP TABLE IF EXISTS `chat_messages`;
/*!40101 SET @saved_cs_client     = @@character_set_client */;
/*!50503 SET character_set_client = utf8mb4 */;
CREATE TABLE `chat_messages` (
  `message_id` int NOT NULL AUTO_INCREMENT,
  `user_id` int NOT NULL,
  `message` text NOT NULL,
  `created_at` timestamp NOT NULL DEFAULT CURRENT_TIMESTAMP,
  `username` varchar(255) NOT NULL,
  PRIMARY KEY (`message_id`),
  KEY `user_id` (`user_id`),
  CONSTRAINT `chat_messages_ibfk_1` FOREIGN KEY (`user_id`) REFERENCES `users` (`user_id`)
) ENGINE=InnoDB AUTO_INCREMENT=20 DEFAULT CHARSET=utf8mb4 COLLATE=utf8mb4_0900_ai_ci;
/*!40101 SET character_set_client = @saved_cs_client */;

--
-- Dumping data for table `chat_messages`
--

LOCK TABLES `chat_messages` WRITE;
/*!40000 ALTER TABLE `chat_messages` DISABLE KEYS */;
INSERT INTO `chat_messages` VALUES (1,8,'hello','2024-10-27 01:31:46','jane@test.com'),(2,8,'hello','2024-10-27 01:32:42','jane@test.com'),(3,8,'hello','2024-10-27 01:42:25','jane@test.com'),(4,8,'hello','2024-10-27 01:42:29','jane@test.com'),(5,8,'hello','2024-10-27 01:42:30','jane@test.com'),(6,8,'hello','2024-10-27 01:54:15','jane@test.com'),(7,8,'hello','2024-10-27 01:55:25','jane@test.com'),(8,8,'hello','2024-10-27 01:56:35','jane@test.com'),(9,8,'hello','2024-10-27 01:56:59','jane@test.com'),(10,8,'hello','2024-10-27 01:57:00','jane@test.com'),(11,8,'hello','2024-10-27 01:57:02','jane@test.com'),(12,8,'hello','2024-10-27 02:13:47','jane@test.com'),(13,8,'hello','2024-10-27 02:13:49','jane@test.com'),(14,8,'hello','2024-10-27 02:24:09','jane@test.com'),(15,8,'hello','2024-10-27 02:30:55','jane@test.com'),(16,8,'hello','2024-10-29 06:22:58','jane@test.com'),(17,8,'hello','2024-10-29 06:22:59','jane@test.com'),(18,8,'how are you','2024-10-31 16:57:35','jane@test.com'),(19,16,'bing bong','2024-11-07 07:55:41','bill@test.com');
/*!40000 ALTER TABLE `chat_messages` ENABLE KEYS */;
UNLOCK TABLES;

--
-- Table structure for table `draft_order`
--

DROP TABLE IF EXISTS `draft_order`;
/*!40101 SET @saved_cs_client     = @@character_set_client */;
/*!50503 SET character_set_client = utf8mb4 */;
CREATE TABLE `draft_order` (
  `league_id` int NOT NULL,
  `round_number` int NOT NULL,
  `pick_number` int NOT NULL,
  `team_id` int NOT NULL,
  PRIMARY KEY (`league_id`,`round_number`,`pick_number`),
  KEY `team_id` (`team_id`),
  CONSTRAINT `draft_order_ibfk_1` FOREIGN KEY (`league_id`) REFERENCES `fantasy_leagues` (`league_id`),
  CONSTRAINT `draft_order_ibfk_2` FOREIGN KEY (`team_id`) REFERENCES `fantasy_teams` (`team_id`)
) ENGINE=InnoDB DEFAULT CHARSET=utf8mb4 COLLATE=utf8mb4_0900_ai_ci;
/*!40101 SET character_set_client = @saved_cs_client */;

--
-- Dumping data for table `draft_order`
--

LOCK TABLES `draft_order` WRITE;
/*!40000 ALTER TABLE `draft_order` DISABLE KEYS */;
INSERT INTO `draft_order` VALUES (15,1,1,29),(15,2,5,29),(15,3,1,29),(15,4,5,29),(15,5,1,29),(15,6,5,29),(15,7,1,29),(15,8,5,29),(15,9,1,29),(15,10,5,29),(15,11,1,29),(15,12,5,29),(15,13,1,29),(15,1,2,30),(15,2,4,30),(15,3,2,30),(15,4,4,30),(15,5,2,30),(15,6,4,30),(15,7,2,30),(15,8,4,30),(15,9,2,30),(15,10,4,30),(15,11,2,30),(15,12,4,30),(15,13,2,30),(15,1,3,31),(15,2,3,31),(15,3,3,31),(15,4,3,31),(15,5,3,31),(15,6,3,31),(15,7,3,31),(15,8,3,31),(15,9,3,31),(15,10,3,31),(15,11,3,31),(15,12,3,31),(15,13,3,31),(15,1,5,32),(15,2,1,32),(15,3,5,32),(15,4,1,32),(15,5,5,32),(15,6,1,32),(15,7,5,32),(15,8,1,32),(15,9,5,32),(15,10,1,32),(15,11,5,32),(15,12,1,32),(15,13,5,32),(15,1,4,33),(15,2,2,33),(15,3,4,33),(15,4,2,33),(15,5,4,33),(15,6,2,33),(15,7,4,33),(15,8,2,33),(15,9,4,33),(15,10,2,33),(15,11,4,33),(15,12,2,33),(15,13,4,33);
/*!40000 ALTER TABLE `draft_order` ENABLE KEYS */;
UNLOCK TABLES;

--
-- Table structure for table `draft_picks`
--

DROP TABLE IF EXISTS `draft_picks`;
/*!40101 SET @saved_cs_client     = @@character_set_client */;
/*!50503 SET character_set_client = utf8mb4 */;
CREATE TABLE `draft_picks` (
  `league_id` int NOT NULL,
  `team_id` int NOT NULL,
  `player_id` int NOT NULL,
  `pick_number` int NOT NULL,
  `round_number` int NOT NULL,
  PRIMARY KEY (`league_id`,`round_number`,`pick_number`),
  KEY `team_id` (`team_id`),
  KEY `player_id` (`player_id`),
  CONSTRAINT `draft_picks_ibfk_1` FOREIGN KEY (`league_id`) REFERENCES `fantasy_leagues` (`league_id`),
  CONSTRAINT `draft_picks_ibfk_2` FOREIGN KEY (`team_id`) REFERENCES `fantasy_teams` (`team_id`),
  CONSTRAINT `draft_picks_ibfk_3` FOREIGN KEY (`player_id`) REFERENCES `players` (`player_id`)
) ENGINE=InnoDB DEFAULT CHARSET=utf8mb4 COLLATE=utf8mb4_0900_ai_ci;
/*!40101 SET character_set_client = @saved_cs_client */;

--
-- Dumping data for table `draft_picks`
--

LOCK TABLES `draft_picks` WRITE;
/*!40000 ALTER TABLE `draft_picks` DISABLE KEYS */;
INSERT INTO `draft_picks` VALUES (15,29,4,1,1),(15,30,18,2,1),(15,31,20,3,1),(15,33,40,4,1);
/*!40000 ALTER TABLE `draft_picks` ENABLE KEYS */;
UNLOCK TABLES;

--
-- Table structure for table `fantasy_leagues`
--

DROP TABLE IF EXISTS `fantasy_leagues`;
/*!40101 SET @saved_cs_client     = @@character_set_client */;
/*!50503 SET character_set_client = utf8mb4 */;
CREATE TABLE `fantasy_leagues` (
  `league_id` int NOT NULL AUTO_INCREMENT,
  `league_name` varchar(255) NOT NULL,
  `created_by` varchar(255) DEFAULT NULL,
  `created_at` timestamp NULL DEFAULT CURRENT_TIMESTAMP,
  `is_active` tinyint(1) DEFAULT '1',
  `invite_code` varchar(15) DEFAULT NULL,
  `draft_started` tinyint(1) DEFAULT '0',
  `draft_completed` tinyint(1) DEFAULT '0',
  `current_round_number` int DEFAULT '1',
  `current_pick_number` int DEFAULT '1',
  PRIMARY KEY (`league_id`),
  UNIQUE KEY `invite_code` (`invite_code`)
) ENGINE=InnoDB AUTO_INCREMENT=16 DEFAULT CHARSET=utf8mb4 COLLATE=utf8mb4_0900_ai_ci;
/*!40101 SET character_set_client = @saved_cs_client */;

--
-- Dumping data for table `fantasy_leagues`
--

LOCK TABLES `fantasy_leagues` WRITE;
/*!40000 ALTER TABLE `fantasy_leagues` DISABLE KEYS */;
INSERT INTO `fantasy_leagues` VALUES (15,'niceLeague','jane@test.com','2024-11-07 03:22:48',1,'zo8mcixfjw',1,0,1,5);
/*!40000 ALTER TABLE `fantasy_leagues` ENABLE KEYS */;
UNLOCK TABLES;

--
-- Table structure for table `fantasy_team_players`
--

DROP TABLE IF EXISTS `fantasy_team_players`;
/*!40101 SET @saved_cs_client     = @@character_set_client */;
/*!50503 SET character_set_client = utf8mb4 */;
CREATE TABLE `fantasy_team_players` (
  `team_player_id` int NOT NULL AUTO_INCREMENT,
  `team_id` int DEFAULT NULL,
  `player_id` int DEFAULT NULL,
  `league_id` int DEFAULT NULL,
  PRIMARY KEY (`team_player_id`),
  KEY `team_id` (`team_id`),
  KEY `player_id` (`player_id`),
  KEY `league_id` (`league_id`),
  CONSTRAINT `fantasy_team_players_ibfk_1` FOREIGN KEY (`team_id`) REFERENCES `fantasy_teams` (`team_id`),
  CONSTRAINT `fantasy_team_players_ibfk_2` FOREIGN KEY (`player_id`) REFERENCES `players` (`player_id`),
  CONSTRAINT `fantasy_team_players_ibfk_3` FOREIGN KEY (`league_id`) REFERENCES `fantasy_leagues` (`league_id`)
) ENGINE=InnoDB AUTO_INCREMENT=9 DEFAULT CHARSET=utf8mb4 COLLATE=utf8mb4_0900_ai_ci;
/*!40101 SET character_set_client = @saved_cs_client */;

--
-- Dumping data for table `fantasy_team_players`
--

LOCK TABLES `fantasy_team_players` WRITE;
/*!40000 ALTER TABLE `fantasy_team_players` DISABLE KEYS */;
INSERT INTO `fantasy_team_players` VALUES (7,33,20,15),(8,29,40,15);
/*!40000 ALTER TABLE `fantasy_team_players` ENABLE KEYS */;
UNLOCK TABLES;

--
-- Table structure for table `fantasy_teams`
--

DROP TABLE IF EXISTS `fantasy_teams`;
/*!40101 SET @saved_cs_client     = @@character_set_client */;
/*!50503 SET character_set_client = utf8mb4 */;
CREATE TABLE `fantasy_teams` (
  `team_id` int NOT NULL AUTO_INCREMENT,
  `league_id` int DEFAULT NULL,
  `team_name` varchar(255) NOT NULL,
  `created_at` timestamp NULL DEFAULT CURRENT_TIMESTAMP,
  `owner_email` varchar(255) DEFAULT NULL,
  `owner_id` int DEFAULT NULL,
  PRIMARY KEY (`team_id`),
  KEY `league_id` (`league_id`),
  KEY `fk_owner_email` (`owner_email`),
  KEY `fk_owner_id` (`owner_id`),
  CONSTRAINT `fantasy_teams_ibfk_1` FOREIGN KEY (`league_id`) REFERENCES `fantasy_leagues` (`league_id`),
  CONSTRAINT `fk_owner_email` FOREIGN KEY (`owner_email`) REFERENCES `users` (`email`),
  CONSTRAINT `fk_owner_id` FOREIGN KEY (`owner_id`) REFERENCES `users` (`user_id`)
) ENGINE=InnoDB AUTO_INCREMENT=34 DEFAULT CHARSET=utf8mb4 COLLATE=utf8mb4_0900_ai_ci;
/*!40101 SET character_set_client = @saved_cs_client */;

--
-- Dumping data for table `fantasy_teams`
--

LOCK TABLES `fantasy_teams` WRITE;
/*!40000 ALTER TABLE `fantasy_teams` DISABLE KEYS */;
INSERT INTO `fantasy_teams` VALUES (29,15,'thejanez','2024-11-07 03:22:48','jane@test.com',8),(30,15,'thebobz','2024-11-07 03:23:25','bob@test.com',7),(31,15,'thepeggyz','2024-11-07 03:26:43','peggy@test.com',17),(32,15,'thehankz','2024-11-07 03:27:07','hank@test.com',15),(33,15,'thebillz','2024-11-07 03:27:34','bill@test.com',16);
/*!40000 ALTER TABLE `fantasy_teams` ENABLE KEYS */;
UNLOCK TABLES;

--
-- Table structure for table `games`
--

DROP TABLE IF EXISTS `games`;
/*!40101 SET @saved_cs_client     = @@character_set_client */;
/*!50503 SET character_set_client = utf8mb4 */;
CREATE TABLE `games` (
  `game_id` int NOT NULL,
  `home_team_id` int NOT NULL,
  `visitor_team_id` int NOT NULL,
  `home_team_points` int NOT NULL,
  `visitor_team_points` int NOT NULL,
  `game_date` datetime NOT NULL,
  PRIMARY KEY (`game_id`),
  KEY `home_team_id` (`home_team_id`),
  KEY `visitor_team_id` (`visitor_team_id`),
  CONSTRAINT `games_ibfk_1` FOREIGN KEY (`home_team_id`) REFERENCES `teams` (`team_id`),
  CONSTRAINT `games_ibfk_2` FOREIGN KEY (`visitor_team_id`) REFERENCES `teams` (`team_id`)
) ENGINE=InnoDB DEFAULT CHARSET=utf8mb4 COLLATE=utf8mb4_0900_ai_ci;
/*!40101 SET character_set_client = @saved_cs_client */;

--
-- Dumping data for table `games`
--

LOCK TABLES `games` WRITE;
/*!40000 ALTER TABLE `games` DISABLE KEYS */;
INSERT INTO `games` VALUES (8899,4,1,117,108,'2021-11-03 23:30:00'),(8906,1,40,98,116,'2021-11-04 23:30:00'),(8923,28,1,121,117,'2021-11-07 02:00:00'),(8938,11,1,127,113,'2021-11-09 03:00:00'),(9105,15,1,111,114,'2021-12-02 00:00:00'),(9121,1,27,96,98,'2021-12-04 00:30:00'),(9136,1,5,127,130,'2021-12-05 23:00:00'),(9145,22,1,110,121,'2021-12-07 01:00:00'),(9170,1,4,105,113,'2021-12-11 00:30:00'),(9193,1,14,126,132,'2021-12-14 00:30:00'),(9204,26,1,99,111,'2021-12-16 00:00:00'),(9220,1,9,115,133,'2021-12-18 00:30:00'),(9319,7,1,118,121,'2022-01-01 00:30:00'),(9484,1,2,83,85,'2021-08-08 20:00:00'),(9501,15,1,83,84,'2021-08-10 22:00:00'),(9520,1,27,88,96,'2021-08-13 01:00:00'),(9530,20,1,90,94,'2021-08-14 20:00:00'),(9549,24,1,104,85,'2021-08-16 23:00:00'),(9579,1,8,113,87,'2021-10-21 23:30:00'),(9592,7,1,101,95,'2021-10-23 22:00:00'),(9608,1,10,122,104,'2021-10-25 23:30:00'),(9624,23,1,99,102,'2021-10-27 23:30:00'),(9631,41,1,122,111,'2021-10-28 23:00:00'),(9647,27,1,122,94,'2021-10-30 23:30:00'),(9662,1,41,118,111,'2021-11-01 23:30:00'),(9721,40,1,110,98,'2021-11-10 02:00:00'),(9747,9,1,105,96,'2021-11-13 02:00:00'),(9758,1,21,120,100,'2021-11-14 23:00:00'),(9767,1,26,129,111,'2021-11-16 00:30:00'),(9780,1,2,110,99,'2021-11-18 00:30:00'),(9807,1,5,115,105,'2021-11-21 00:30:00'),(9820,1,25,113,101,'2021-11-23 00:30:00'),(9842,31,1,106,124,'2021-11-25 01:30:00'),(9850,19,1,100,132,'2021-11-27 01:00:00'),(9858,1,24,90,99,'2021-11-28 00:30:00'),(10017,1,7,131,107,'2022-03-31 23:30:00'),(10035,1,26,98,104,'2021-12-23 00:30:00'),(10043,27,1,96,98,'2021-12-24 00:00:00'),(10053,24,1,101,87,'2021-12-25 17:00:00'),(10067,1,6,118,130,'2021-12-28 00:30:00'),(10084,6,1,131,117,'2021-12-30 01:00:00'),(10125,29,1,136,131,'2022-01-04 03:00:00'),(10142,30,1,102,108,'2022-01-06 03:00:00'),(10154,17,1,134,118,'2022-01-08 03:00:00'),(10162,16,1,106,93,'2022-01-09 20:30:00'),(10186,1,20,91,115,'2022-01-13 00:30:00'),(10201,20,1,124,118,'2022-01-15 01:00:00'),(10208,1,24,108,117,'2022-01-16 00:30:00'),(10225,1,21,121,114,'2022-01-17 23:00:00'),(10235,1,22,134,122,'2022-01-20 00:30:00'),(10252,1,20,110,108,'2022-01-22 00:30:00'),(10268,5,1,91,113,'2022-01-24 00:00:00'),(10275,1,6,130,124,'2022-03-04 00:00:00'),(10290,1,30,121,104,'2022-01-27 00:30:00'),(10302,1,2,108,92,'2022-01-29 00:30:00'),(10316,1,17,129,121,'2022-01-30 18:00:00'),(10332,1,38,100,106,'2022-02-01 00:30:00'),(10348,1,28,124,115,'2022-02-04 00:30:00'),(10355,38,1,125,114,'2022-02-05 00:30:00'),(10372,8,1,103,94,'2022-02-06 23:00:00'),(10381,1,15,133,112,'2022-02-09 00:30:00'),(10403,10,5,119,141,'2022-02-12 00:00:00'),(10404,15,7,113,120,'2022-02-12 00:00:00'),(10405,27,25,100,87,'2022-02-12 00:00:00'),(10406,1,31,121,136,'2022-02-12 00:30:00'),(10407,2,9,108,102,'2022-02-12 00:30:00'),(10408,6,22,134,122,'2022-02-12 01:00:00'),(10409,40,26,114,99,'2022-02-12 02:00:00'),(10410,29,24,112,103,'2022-02-12 22:00:00'),(10421,2,1,105,95,'2022-02-13 19:00:00'),(10432,1,7,124,116,'2022-02-16 00:30:00'),(10439,26,1,109,130,'2022-02-17 00:00:00'),(10456,6,1,112,108,'2022-02-25 01:00:00'),(10471,1,38,127,100,'2022-02-27 00:30:00'),(10492,2,1,107,98,'2022-03-02 00:30:00'),(10513,41,1,114,117,'2022-03-05 00:00:00'),(10533,10,1,113,110,'2022-03-08 00:00:00'),(10549,21,1,124,115,'2022-03-10 01:00:00'),(10560,26,22,118,110,'2022-03-12 00:00:00'),(10561,1,16,112,106,'2022-03-12 00:30:00'),(10562,2,10,114,103,'2022-03-12 00:30:00'),(10563,20,7,117,105,'2022-03-12 01:00:00'),(10564,14,8,100,113,'2022-03-12 01:00:00'),(10565,19,24,118,114,'2022-03-12 01:00:00'),(10566,23,5,120,142,'2022-03-12 01:00:00'),(10567,31,40,104,102,'2022-03-12 01:30:00'),(10568,28,38,112,117,'2022-03-12 02:00:00'),(10569,17,41,122,109,'2022-03-12 03:30:00'),(10581,1,15,131,128,'2022-03-13 23:00:00'),(10586,1,29,122,113,'2022-03-14 23:30:00'),(10598,5,1,116,106,'2022-03-16 23:00:00'),(10612,1,19,120,105,'2022-03-18 23:30:00'),(10629,1,23,112,117,'2022-03-20 22:00:00'),(10646,24,1,111,117,'2022-03-22 23:30:00'),(10650,10,1,122,101,'2022-03-23 23:00:00'),(10667,1,11,121,110,'2022-03-25 23:30:00'),(10689,15,1,123,132,'2022-03-28 23:00:00'),(10708,25,1,118,136,'2022-03-31 00:00:00'),(10728,1,4,122,115,'2022-04-02 23:30:00'),(10747,38,1,118,108,'2022-04-05 23:30:00'),(10757,1,41,118,103,'2022-04-07 00:00:00'),(10772,20,1,113,109,'2022-04-09 00:00:00'),(10786,14,1,114,130,'2022-04-10 19:30:00'),(10799,20,1,125,99,'2021-10-04 23:30:00'),(10811,1,7,96,99,'2021-10-06 23:30:00'),(10829,19,1,87,91,'2021-10-10 00:00:00'),(10850,1,20,127,92,'2021-10-14 23:00:00'),(10867,1,5,132,103,'2022-04-13 23:00:00'),(10912,7,1,101,107,'2022-04-15 23:30:00'),(10914,20,1,115,91,'2022-04-17 17:00:00'),(10915,20,1,115,105,'2022-04-19 23:30:00'),(10916,20,1,97,94,'2022-04-26 23:00:00'),(14116,17,22,110,103,'2024-10-23 02:00:00'),(14117,10,15,109,115,'2024-10-23 23:00:00'),(14118,1,4,120,116,'2024-10-23 23:30:00'),(14119,20,26,97,116,'2024-10-23 23:30:00'),(14120,27,21,109,124,'2024-10-23 23:30:00'),(14121,38,7,106,136,'2024-10-23 23:30:00'),(14129,9,25,87,102,'2024-10-25 02:00:00'),(14130,30,22,115,117,'2024-10-25 02:00:00'),(14131,26,4,116,101,'2024-10-25 23:00:00'),(14132,38,27,115,107,'2024-10-25 23:00:00'),(14133,1,5,125,120,'2024-10-25 23:30:00'),(14134,7,10,113,101,'2024-10-25 23:30:00'),(14135,24,15,123,98,'2024-10-25 23:30:00'),(14145,6,25,95,114,'2024-10-27 00:00:00'),(14146,19,26,124,111,'2024-10-27 00:00:00'),(14147,22,38,112,101,'2024-10-27 00:00:00'),(14148,31,14,109,106,'2024-10-27 00:30:00'),(14149,28,8,114,102,'2024-10-27 02:00:00'),(14150,17,30,131,127,'2024-10-27 02:30:00'),(14151,15,27,114,118,'2024-10-27 19:30:00'),(14152,4,21,115,102,'2024-10-27 22:00:00'),(14153,29,23,125,103,'2024-10-27 22:00:00'),(14154,25,1,93,92,'2024-10-27 23:00:00'),(14155,11,16,104,112,'2024-10-28 00:30:00'),(14156,26,15,93,98,'2024-10-28 23:00:00'),(14157,1,41,68,64,'2024-10-28 23:30:00'),(14158,2,21,70,69,'2024-10-28 23:30:00'),(14159,20,10,66,63,'2024-10-28 23:30:00'),(14160,24,7,66,57,'2024-10-28 23:30:00'),(14161,38,9,75,62,'2024-10-28 23:30:00'),(14162,19,6,123,126,'2024-10-29 00:00:00'),(14163,31,14,101,106,'2024-10-29 00:00:00'),(14164,8,40,110,102,'2024-10-29 00:30:00'),(14165,28,17,109,105,'2024-10-29 02:00:00'),(14166,30,29,111,98,'2024-10-29 02:00:00'),(14167,4,9,73,68,'2024-10-29 23:30:00'),(14168,22,8,71,69,'2024-10-29 23:30:00'),(14169,40,30,96,113,'2024-10-30 01:00:00'),(14170,11,23,124,106,'2024-10-30 02:00:00'),(14171,5,38,111,102,'2024-10-30 23:00:00'),(14172,7,17,112,92,'2024-10-30 23:00:00'),(14173,15,2,100,86,'2024-10-30 23:00:00'),(14174,27,10,75,87,'2024-10-30 23:00:00'),(14175,41,1,93,92,'2024-10-30 23:00:00'),(14176,20,24,67,57,'2024-10-30 23:30:00'),(14177,6,26,102,99,'2024-10-31 00:00:00'),(14178,19,4,106,119,'2024-10-31 00:00:00'),(14179,25,31,105,93,'2024-10-31 01:30:00'),(14180,11,23,104,89,'2024-10-31 02:00:00'),(14181,16,29,105,106,'2024-10-31 02:30:00'),(14182,19,21,122,99,'2024-11-01 00:00:00'),(14183,8,14,102,108,'2024-11-01 00:30:00'),(14184,40,31,88,106,'2024-11-01 01:00:00'),(14185,16,28,119,125,'2024-11-01 02:30:00'),(14186,5,2,109,124,'2024-11-01 23:00:00'),(14187,7,26,120,109,'2024-11-01 23:00:00'),(14188,10,24,98,128,'2024-11-01 23:00:00'),(14189,1,30,115,123,'2024-11-01 23:30:00'),(14190,4,6,120,112,'2024-11-01 23:30:00'),(14191,38,17,125,131,'2024-11-01 23:30:00'),(14192,23,15,125,118,'2024-11-02 00:00:00'),(14193,22,9,119,116,'2024-11-02 01:30:00'),(14194,29,25,114,137,'2024-11-02 02:00:00'),(14195,5,2,103,113,'2024-11-02 22:00:00'),(14196,27,19,107,124,'2024-11-02 23:30:00'),(14197,38,30,131,128,'2024-11-02 23:30:00'),(14198,14,11,121,127,'2024-11-03 00:00:00'),(14199,21,7,113,114,'2024-11-03 00:00:00'),(14200,31,22,113,103,'2024-11-03 00:00:00'),(14201,41,20,98,118,'2024-11-03 01:30:00'),(14202,9,40,129,103,'2024-11-03 02:00:00'),(14203,28,29,103,97,'2024-11-03 02:00:00'),(14204,16,25,92,105,'2024-11-03 02:30:00'),(14205,4,10,92,106,'2024-11-03 20:30:00'),(14206,23,1,111,126,'2024-11-04 00:00:00'),(14207,8,26,108,85,'2024-11-04 00:30:00'),(14208,7,21,116,114,'2024-11-05 00:00:00'),(14209,41,11,112,125,'2024-11-05 00:15:00'),(14210,10,17,115,103,'2024-11-05 00:30:00'),(14211,1,2,93,123,'2024-11-05 00:45:00'),(14212,4,19,106,104,'2024-11-05 01:00:00'),(14213,20,30,110,111,'2024-11-05 01:15:00'),(14214,6,40,126,135,'2024-11-05 01:30:00'),(14215,14,24,109,97,'2024-11-05 01:45:00'),(14216,22,5,114,93,'2024-11-05 02:00:00'),(14217,25,26,102,86,'2024-11-05 02:15:00'),(14218,23,29,100,118,'2024-11-05 02:30:00'),(14219,8,15,127,134,'2024-11-05 02:45:00'),(14220,9,38,121,119,'2024-11-05 03:00:00'),(14221,28,27,118,116,'2024-11-05 03:15:00'),(14222,16,31,113,104,'2024-11-05 03:30:00'),(14223,5,10,108,107,'2024-11-07 00:00:00'),(14224,15,26,118,111,'2024-11-07 00:00:00'),(14225,1,24,121,116,'2024-11-07 00:30:00'),(14226,2,11,112,118,'2024-11-07 00:30:00'),(14227,14,31,127,100,'2024-11-07 01:00:00'),(14228,19,17,131,114,'2024-11-07 01:00:00'),(14229,23,7,122,131,'2024-11-07 01:00:00'),(14230,8,6,119,99,'2024-11-07 01:30:00'),(14231,9,25,124,122,'2024-11-07 02:00:00'),(14232,28,20,115,112,'2024-11-07 02:00:00'),(14233,16,27,110,98,'2024-11-07 03:00:00'),(14234,30,38,122,107,'2024-11-07 03:00:00'),(14235,6,22,119,135,'2024-11-08 01:00:00'),(14236,21,40,123,100,'2024-11-08 01:00:00'),(14237,31,29,118,105,'2024-11-08 01:00:00'),(14238,5,15,103,83,'2024-11-09 00:00:00'),(14239,10,1,122,121,'2024-11-09 00:00:00'),(14240,26,23,115,88,'2024-11-09 00:00:00'),(14241,2,4,108,104,'2024-11-09 00:30:00'),(14242,7,11,136,117,'2024-11-09 00:30:00'),(14243,24,21,116,94,'2024-11-09 00:30:00'),(14244,8,28,113,114,'2024-11-09 00:30:00'),(14245,19,41,128,104,'2024-11-09 01:00:00'),(14246,25,14,126,107,'2024-11-09 01:00:00'),(14247,22,29,127,102,'2024-11-09 02:00:00'),(14248,9,20,135,122,'2024-11-09 02:00:00'),(14249,17,27,116,106,'2024-11-09 03:00:00'),(14250,30,16,98,107,'2024-11-09 03:00:00'),(14251,31,40,110,111,'2024-11-09 22:00:00'),(14252,1,6,113,125,'2024-11-10 00:30:00'),(14253,7,4,105,100,'2024-11-10 00:30:00'),(14254,16,38,105,103,'2024-11-10 03:30:00'),(14255,10,14,99,101,'2024-11-10 20:00:00'),(14256,21,2,107,113,'2024-11-10 20:30:00'),(14257,15,24,132,121,'2024-11-10 22:00:00'),(14258,26,41,121,94,'2024-11-10 23:00:00'),(14259,27,5,107,105,'2024-11-11 00:00:00'),(14260,22,20,94,95,'2024-11-11 00:00:00'),(14261,25,11,116,127,'2024-11-11 00:00:00'),(14262,9,8,122,120,'2024-11-11 01:00:00'),(14263,28,30,118,127,'2024-11-11 01:00:00'),(14264,29,19,89,134,'2024-11-11 02:00:00'),(14265,17,38,123,103,'2024-11-11 02:30:00'),(14266,6,7,113,119,'2024-11-12 01:00:00'),(14267,14,41,107,92,'2024-11-12 01:00:00'),(14268,23,4,105,107,'2024-11-12 01:00:00'),(14269,25,16,134,128,'2024-11-12 01:00:00'),(14270,31,30,116,96,'2024-11-12 01:00:00'),(14271,2,1,116,117,'2024-11-13 00:00:00'),(14272,10,20,123,121,'2024-11-13 00:00:00'),(14273,26,5,114,89,'2024-11-13 00:00:00'),(14274,27,24,99,111,'2024-11-13 00:30:00'),(14275,21,38,99,85,'2024-11-13 01:00:00'),(14276,40,28,112,120,'2024-11-13 02:00:00'),(14277,11,8,120,117,'2024-11-13 03:00:00'),(14278,29,22,122,108,'2024-11-13 03:00:00'),(14279,26,15,94,90,'2024-11-14 00:00:00'),(14280,4,2,114,139,'2024-11-14 00:30:00'),(14281,24,6,123,124,'2024-11-14 00:30:00'),(14282,27,7,106,114,'2024-11-14 00:30:00'),(14283,25,23,106,88,'2024-11-14 00:30:00'),(14284,14,16,111,103,'2024-11-14 01:00:00'),(14285,21,10,127,120,'2024-11-14 01:00:00'),(14286,31,41,139,130,'2024-11-14 01:00:00'),(14287,17,19,128,123,'2024-11-14 03:00:00'),(14288,29,22,106,98,'2024-11-14 03:00:00'),(14289,30,28,127,104,'2024-11-14 03:00:00'),(14290,40,8,115,113,'2024-11-15 02:00:00'),(14291,15,20,111,124,'2024-11-16 00:00:00'),(14292,26,27,98,86,'2024-11-16 00:00:00'),(14293,38,10,95,99,'2024-11-16 00:00:00'),(14294,1,41,129,117,'2024-11-16 00:30:00'),(14295,7,6,144,126,'2024-11-16 00:30:00'),(14296,24,4,124,122,'2024-11-16 00:30:00'),(14297,31,17,115,120,'2024-11-16 00:30:00'),(14298,14,16,125,104,'2024-11-16 01:00:00'),(14299,23,9,101,94,'2024-11-16 01:00:00'),(14300,25,28,99,83,'2024-11-16 01:00:00'),(14301,11,19,123,118,'2024-11-16 03:00:00'),(14302,30,22,126,130,'2024-11-16 03:00:00'),(14303,5,21,115,114,'2024-11-16 20:00:00'),(14304,2,38,126,123,'2024-11-17 01:00:00'),(14305,23,17,99,104,'2024-11-17 01:00:00'),(14306,8,31,110,93,'2024-11-17 01:30:00'),(14307,30,40,121,117,'2024-11-17 03:00:00'),(14308,22,28,120,117,'2024-11-17 20:30:00'),(14309,15,20,119,110,'2024-11-17 22:00:00'),(14310,7,5,128,114,'2024-11-17 23:00:00'),(14311,41,10,104,124,'2024-11-17 23:00:00'),(14312,19,9,105,90,'2024-11-17 23:00:00'),(14313,29,1,114,110,'2024-11-17 23:00:00'),(14314,24,4,114,104,'2024-11-18 00:00:00'),(14315,6,14,107,143,'2024-11-18 00:00:00'),(14316,25,8,119,121,'2024-11-18 00:00:00'),(14317,16,40,116,105,'2024-11-18 02:00:00');
/*!40000 ALTER TABLE `games` ENABLE KEYS */;
UNLOCK TABLES;

--
-- Table structure for table `matchups`
--

DROP TABLE IF EXISTS `matchups`;
/*!40101 SET @saved_cs_client     = @@character_set_client */;
/*!50503 SET character_set_client = utf8mb4 */;
CREATE TABLE `matchups` (
  `matchup_id` int NOT NULL AUTO_INCREMENT,
  `league_id` int DEFAULT NULL,
  `team1_id` int DEFAULT NULL,
  `team2_id` int DEFAULT NULL,
  `week` int DEFAULT NULL,
  `team1_score` int DEFAULT '0',
  `team2_score` int DEFAULT '0',
  `winner_team_id` int DEFAULT NULL,
  `match_date` date DEFAULT NULL,
  PRIMARY KEY (`matchup_id`),
  KEY `league_id` (`league_id`),
  KEY `team1_id` (`team1_id`),
  KEY `team2_id` (`team2_id`),
  CONSTRAINT `matchups_ibfk_1` FOREIGN KEY (`league_id`) REFERENCES `fantasy_leagues` (`league_id`),
  CONSTRAINT `matchups_ibfk_2` FOREIGN KEY (`team1_id`) REFERENCES `fantasy_teams` (`team_id`),
  CONSTRAINT `matchups_ibfk_3` FOREIGN KEY (`team2_id`) REFERENCES `fantasy_teams` (`team_id`)
) ENGINE=InnoDB DEFAULT CHARSET=utf8mb4 COLLATE=utf8mb4_0900_ai_ci;
/*!40101 SET character_set_client = @saved_cs_client */;

--
-- Dumping data for table `matchups`
--

LOCK TABLES `matchups` WRITE;
/*!40000 ALTER TABLE `matchups` DISABLE KEYS */;
/*!40000 ALTER TABLE `matchups` ENABLE KEYS */;
UNLOCK TABLES;

--
-- Table structure for table `player_stats`
--

DROP TABLE IF EXISTS `player_stats`;
/*!40101 SET @saved_cs_client     = @@character_set_client */;
/*!50503 SET character_set_client = utf8mb4 */;
CREATE TABLE `player_stats` (
  `stat_id` int NOT NULL AUTO_INCREMENT,
  `player_id` int NOT NULL,
  `game_id` int NOT NULL,
  `points` int DEFAULT NULL,
  `rebounds` int DEFAULT NULL,
  `assists` int DEFAULT NULL,
  `blocks` int DEFAULT NULL,
  `steals` int DEFAULT NULL,
  `team_id` int DEFAULT NULL,
  PRIMARY KEY (`stat_id`),
  UNIQUE KEY `unique_player_game` (`player_id`,`game_id`,`team_id`),
  KEY `fk_team_id` (`team_id`),
  CONSTRAINT `fk_team_id` FOREIGN KEY (`team_id`) REFERENCES `teams` (`team_id`),
  CONSTRAINT `player_stats_ibfk_1` FOREIGN KEY (`player_id`) REFERENCES `players` (`player_id`)
) ENGINE=InnoDB AUTO_INCREMENT=5100 DEFAULT CHARSET=utf8mb4 COLLATE=utf8mb4_0900_ai_ci;
/*!40101 SET character_set_client = @saved_cs_client */;

--
-- Dumping data for table `player_stats`
--

LOCK TABLES `player_stats` WRITE;
/*!40000 ALTER TABLE `player_stats` DISABLE KEYS */;
INSERT INTO `player_stats` VALUES (2,236,12483,4,3,2,0,1,NULL),(3,236,12492,6,4,9,0,0,NULL),(4,236,12520,11,3,5,0,0,NULL),(5,236,12541,20,4,1,2,1,NULL),(6,236,12552,14,2,5,1,1,NULL),(7,236,12579,10,1,4,1,0,NULL),(8,236,12590,11,5,4,0,0,NULL),(9,236,12606,7,4,5,0,1,NULL),(10,236,12620,14,5,2,1,0,NULL),(11,236,12628,19,6,2,2,0,NULL),(12,236,12641,19,2,2,0,1,NULL),(13,236,12653,10,3,1,1,1,NULL),(14,236,12666,11,2,2,0,1,NULL),(15,236,12684,16,4,3,1,1,NULL),(16,236,12698,2,2,1,0,1,NULL),(17,236,12735,3,1,2,0,0,NULL),(18,236,12751,24,2,1,0,0,NULL),(19,236,12760,31,2,5,1,2,NULL),(20,236,12773,18,4,0,0,0,NULL),(21,236,12794,9,1,3,1,1,NULL),(22,236,12815,12,5,5,2,1,NULL),(23,236,12832,7,1,2,0,2,NULL),(24,236,13749,21,2,2,0,2,NULL),(25,236,13775,8,11,2,1,2,NULL),(26,236,13779,8,5,4,0,1,NULL),(27,236,12841,16,3,2,0,1,NULL),(28,236,12863,7,3,2,0,0,NULL),(29,236,12876,11,3,3,3,2,NULL),(30,236,12886,0,1,2,0,0,NULL),(31,236,12898,14,0,4,1,0,NULL),(32,236,12913,25,4,3,3,1,NULL),(33,236,12925,15,6,4,0,2,NULL),(34,236,12939,20,7,1,1,1,NULL),(35,236,12957,11,5,5,0,0,NULL),(36,236,12970,19,6,2,1,1,NULL),(37,236,12989,6,2,1,0,1,NULL),(38,236,13002,0,3,0,0,0,NULL),(39,236,13014,10,0,0,0,1,NULL),(40,236,13028,11,3,1,0,0,NULL),(41,236,13041,15,2,3,0,0,NULL),(42,236,13055,15,4,3,1,1,NULL),(43,236,13068,0,3,4,0,0,NULL),(44,236,13081,18,3,2,3,0,NULL),(45,236,13098,16,2,1,0,2,NULL),(46,236,13112,14,2,1,0,0,NULL),(47,236,13131,12,5,8,1,1,NULL),(48,236,13138,18,6,7,1,1,NULL),(49,236,13152,18,4,3,0,1,NULL),(50,236,13162,3,1,1,1,2,NULL),(51,236,13175,11,3,2,0,2,NULL),(52,236,13184,2,2,4,0,0,NULL),(53,236,13200,3,3,3,1,0,NULL),(54,236,13218,12,6,4,0,3,NULL),(55,236,13233,3,2,0,2,1,NULL),(56,236,13239,17,4,4,0,2,NULL),(57,236,13255,3,1,0,0,0,NULL),(58,236,13267,12,3,6,0,0,NULL),(59,236,13290,20,4,6,0,0,NULL),(60,236,13301,23,5,6,0,4,NULL),(61,236,13310,24,4,8,0,1,NULL),(62,236,13327,22,3,10,0,2,NULL),(63,236,13342,14,2,6,1,1,NULL),(64,236,13353,13,5,1,0,0,NULL),(65,236,13365,11,2,4,0,0,NULL),(66,236,13384,6,2,4,0,0,NULL),(67,236,13406,13,3,6,0,2,NULL),(68,236,13419,11,3,4,1,1,NULL),(69,236,13435,13,3,4,0,1,NULL),(70,236,13444,15,5,3,1,3,NULL),(71,236,13457,8,2,2,1,2,NULL),(72,236,13475,16,7,3,0,1,NULL),(73,236,13487,9,4,4,1,0,NULL),(74,236,13506,9,0,2,1,0,NULL),(75,236,13517,14,2,2,0,0,NULL),(76,236,13533,12,2,1,1,0,NULL),(77,236,13550,7,2,0,0,0,NULL),(78,236,13566,5,0,1,1,2,NULL),(79,236,13576,9,4,2,0,0,NULL),(80,236,13590,7,5,3,0,0,NULL),(81,236,13600,17,3,1,1,0,NULL),(82,236,13615,10,4,2,0,1,NULL),(83,236,13628,13,3,3,1,0,NULL),(84,236,13641,7,2,0,0,2,NULL),(85,236,13659,2,2,0,0,0,NULL),(86,236,13677,7,1,1,1,2,NULL),(87,236,13688,10,2,3,0,1,NULL),(88,236,13693,18,6,0,0,0,NULL),(89,236,13719,6,3,0,0,0,NULL),(90,236,13740,19,7,5,0,1,NULL),(91,236,13937,7,1,6,0,0,NULL),(92,236,13944,0,0,1,0,0,NULL),(93,236,13947,2,1,0,0,0,NULL),(94,236,13953,0,0,0,1,0,NULL),(95,236,13972,20,4,1,0,0,NULL),(96,20,12516,16,8,1,2,0,NULL),(97,20,12529,18,10,2,0,4,NULL),(98,20,12547,26,7,4,2,1,NULL),(99,20,12563,23,13,3,2,2,NULL),(100,20,12585,26,11,3,2,1,NULL),(101,20,12595,33,7,2,1,0,NULL),(102,20,12604,16,4,2,0,1,NULL),(103,20,12621,22,8,6,1,0,NULL),(104,20,12644,36,12,3,2,1,NULL),(105,20,12660,15,9,5,3,0,NULL),(106,20,12666,54,12,3,0,0,NULL),(107,20,12677,35,10,7,2,4,NULL),(108,20,12694,35,11,2,0,0,NULL),(109,20,12716,16,8,9,0,1,NULL),(110,20,12730,40,15,7,1,2,NULL),(111,20,12744,42,13,8,1,1,NULL),(112,20,12758,21,13,5,0,2,NULL),(113,20,12775,31,9,3,1,3,NULL),(114,20,12785,33,16,6,3,1,NULL),(115,20,12801,33,10,5,1,3,NULL),(116,20,12817,26,14,5,5,2,NULL),(117,20,12834,32,11,10,1,2,NULL),(118,20,13751,35,8,10,0,3,NULL),(119,20,13775,37,10,2,2,0,NULL),(120,20,12848,32,12,6,0,2,NULL),(121,20,12863,64,14,3,1,4,NULL),(122,20,12882,22,8,6,0,1,NULL),(123,20,12894,26,17,3,0,0,NULL),(124,20,12909,11,14,16,1,2,NULL),(125,20,12926,37,10,6,2,0,NULL),(126,20,12936,28,7,7,1,1,NULL),(127,20,12949,32,13,6,2,1,NULL),(128,20,12965,32,10,8,2,0,NULL),(129,20,12981,34,16,5,0,1,NULL),(130,20,13002,30,18,11,2,1,NULL),(131,20,13014,26,11,8,1,3,NULL),(132,20,13025,44,14,7,1,2,NULL),(133,20,13044,48,17,2,1,0,NULL),(134,20,13058,25,10,11,0,0,NULL),(135,20,13076,24,12,6,1,1,NULL),(136,20,13093,33,9,5,0,0,NULL),(137,20,13100,27,10,10,0,3,NULL),(138,20,13140,31,10,9,1,2,NULL),(139,20,13154,31,17,10,2,3,NULL),(140,20,13172,35,18,10,2,0,NULL),(141,20,13187,22,11,9,1,1,NULL),(142,20,13196,30,12,4,0,2,NULL),(143,20,13215,29,12,4,1,1,NULL),(144,20,13231,27,8,4,1,3,NULL),(145,20,13250,48,6,10,1,5,NULL),(146,20,13259,33,7,13,1,0,NULL),(147,20,13273,34,10,6,0,0,NULL),(148,20,13286,17,3,7,0,1,NULL),(149,20,13293,15,14,3,1,1,NULL),(150,20,13315,36,18,5,2,3,NULL),(151,20,13321,23,11,8,2,0,NULL),(152,20,13338,35,4,12,0,0,NULL),(153,20,13356,33,13,5,0,1,NULL),(154,20,13365,30,12,9,1,0,NULL),(155,20,13388,24,8,1,0,0,NULL),(156,20,13397,24,10,5,0,0,NULL),(157,20,13412,46,16,6,1,1,NULL),(158,20,13447,23,7,6,1,0,NULL),(159,20,13463,34,14,12,1,1,NULL),(160,20,13472,34,7,10,1,1,NULL),(161,20,13493,30,13,4,0,1,NULL),(162,20,13506,32,11,7,0,1,NULL),(163,20,13555,21,9,5,2,0,NULL),(164,20,13578,30,19,4,1,0,NULL),(165,20,13593,29,21,11,3,2,NULL),(166,20,13609,35,14,4,0,0,NULL),(167,20,13624,36,16,8,1,3,NULL),(168,20,13643,35,15,10,0,0,NULL),(169,20,13655,21,7,8,5,1,NULL),(170,20,13687,28,15,8,2,1,NULL),(171,20,13696,15,8,7,2,1,NULL),(172,75,12482,19,3,1,1,1,NULL),(173,75,12526,17,3,6,0,0,NULL),(174,75,12535,20,4,1,0,1,NULL),(175,75,12553,11,6,5,0,1,NULL),(176,75,12568,27,6,1,0,2,NULL),(177,75,12591,36,6,2,1,3,NULL),(178,75,12606,16,7,1,0,0,NULL),(179,75,12631,23,5,4,1,0,NULL),(180,75,12649,26,7,4,0,1,NULL),(181,75,12654,11,2,2,1,1,NULL),(182,75,12670,28,3,5,0,1,NULL),(183,75,12678,29,5,2,0,0,NULL),(184,75,12692,22,5,6,1,1,NULL),(185,75,12720,23,3,4,1,1,NULL),(186,75,12738,12,6,3,2,2,NULL),(187,75,12742,13,4,3,0,0,NULL),(188,75,12758,26,2,8,0,1,NULL),(189,75,12769,18,3,2,1,3,NULL),(190,75,12786,21,7,3,0,1,NULL),(191,75,12798,30,8,6,1,0,NULL),(192,75,12823,20,4,0,2,4,NULL),(193,75,13749,30,9,0,2,1,NULL),(194,75,13777,17,0,4,1,1,NULL),(195,75,12853,25,2,4,1,1,NULL),(196,75,12867,22,5,5,0,2,NULL),(197,75,12877,18,3,4,1,0,NULL),(198,75,12892,31,5,6,1,1,NULL),(199,75,12910,28,8,7,1,0,NULL),(200,75,12921,28,5,6,0,0,NULL),(201,75,12937,24,6,2,0,1,NULL),(202,75,12951,19,5,2,0,3,NULL),(203,75,12980,31,10,6,0,0,NULL),(204,75,12996,24,6,3,0,2,NULL),(205,75,13010,15,6,3,0,0,NULL),(206,75,13027,13,3,5,1,1,NULL),(207,75,13041,31,4,1,1,0,NULL),(208,75,13055,40,5,2,0,0,NULL),(209,75,13065,35,11,3,1,2,NULL),(210,75,13076,10,4,3,0,0,NULL),(211,75,13090,32,6,2,2,2,NULL),(212,75,13119,21,7,5,1,1,NULL),(213,75,13134,13,2,1,0,2,NULL),(214,75,13151,13,11,10,0,3,NULL),(215,75,13159,34,3,4,2,0,NULL),(216,75,13178,18,4,5,0,3,NULL),(217,75,13194,8,6,2,1,0,NULL),(218,75,13207,22,11,7,1,0,NULL),(219,75,13218,25,6,2,0,2,NULL),(220,75,13232,8,8,7,0,1,NULL),(221,75,13277,15,6,6,0,1,NULL),(222,75,13291,18,7,3,0,1,NULL),(223,75,13307,20,9,2,0,0,NULL),(224,75,13319,19,1,4,0,1,NULL),(225,75,13345,21,5,5,1,1,NULL),(226,75,13364,30,8,3,0,1,NULL),(227,75,13384,31,6,1,0,1,NULL),(228,75,13407,25,7,5,0,1,NULL),(229,75,13420,29,3,3,0,1,NULL),(230,75,13434,21,3,4,0,0,NULL),(231,75,13454,41,14,4,0,2,NULL),(232,75,13468,27,3,3,0,2,NULL),(233,75,13486,27,6,5,0,1,NULL),(234,75,13503,37,5,3,0,2,NULL),(235,75,13532,31,7,3,0,1,NULL),(236,75,13546,21,8,2,0,1,NULL),(237,75,13559,33,4,0,0,4,NULL),(238,75,13582,24,4,1,0,2,NULL),(239,75,13608,18,1,4,2,2,NULL),(240,75,13622,17,7,6,1,1,NULL),(241,75,13653,23,7,4,2,1,NULL),(242,75,13682,26,4,2,1,1,NULL),(243,75,13696,14,10,3,0,4,NULL),(244,75,13715,15,2,1,2,0,NULL),(245,75,13982,17,8,3,1,0,NULL),(246,75,13984,33,8,1,1,1,NULL),(247,75,13987,22,8,3,1,2,NULL),(248,75,13989,17,5,2,0,2,NULL),(249,75,13991,25,6,2,0,0,NULL),(250,75,14017,32,6,2,1,0,NULL),(251,75,14018,19,4,1,0,0,NULL),(252,75,14019,28,9,3,0,1,NULL),(253,75,14020,27,8,1,0,0,NULL),(254,75,14021,11,4,7,1,1,NULL),(255,75,14024,26,7,5,1,3,NULL),(256,75,14026,40,5,2,0,1,NULL),(257,75,14028,24,2,3,1,1,NULL),(258,75,14030,29,6,2,1,3,NULL),(259,75,14038,22,6,2,3,3,NULL),(260,75,14039,21,4,7,0,3,NULL),(261,75,14040,30,8,8,1,0,NULL),(262,75,14041,10,1,2,0,0,NULL),(263,75,14042,21,8,6,0,2,NULL),(264,463,14130,24,8,1,1,2,30),(265,136,14130,26,8,2,0,1,30),(266,3475,14130,23,11,2,0,0,30),(267,776,14130,15,2,11,0,1,30),(269,2789,14132,27,5,4,1,2,38),(270,428,14132,19,9,3,4,0,38),(271,2834,14132,8,3,3,0,0,38),(272,3411,14132,12,8,1,0,2,38),(273,4027,14132,8,1,0,0,1,38),(274,745,14132,4,3,1,4,2,38),(275,1858,14132,2,6,0,1,0,38),(276,4172,14132,12,6,0,0,0,38),(277,4175,14132,12,9,5,3,2,38),(278,507,14132,0,0,0,0,0,38),(279,4176,14132,11,2,5,0,0,38),(280,2797,14132,0,2,3,0,2,38),(281,2242,14132,11,5,4,1,0,27),(282,147,14132,11,9,0,2,4,27),(283,327,14132,14,1,2,0,3,27),(284,2619,14132,24,2,4,0,1,27),(285,407,14132,28,2,2,0,2,27),(286,904,14132,9,4,1,1,0,27),(287,2617,14132,2,3,3,1,1,27),(288,4156,14132,0,0,0,0,0,27),(289,264,14132,0,0,0,0,0,27),(290,196,14132,8,1,2,0,0,27),(291,4159,14132,0,1,1,0,0,27),(292,4049,14132,0,0,0,0,0,27),(293,195,14129,12,9,2,0,1,9),(294,1014,14129,15,8,2,0,1,9),(295,279,14129,16,12,13,1,2,9),(296,383,14129,12,6,4,0,2,9),(297,3420,14129,16,7,1,2,2,9),(298,468,14129,2,1,0,0,1,9),(299,2627,14129,0,0,0,0,0,9),(300,3967,14129,0,1,0,0,0,9),(301,3498,14129,2,6,1,2,0,9),(302,1312,14129,0,1,0,0,0,9),(303,544,14129,6,5,5,2,1,9),(304,3965,14129,0,0,0,0,0,9),(305,3966,14129,6,0,1,0,1,9),(306,4105,14129,0,1,0,0,0,9),(307,3448,14129,25,14,5,4,2,25),(308,3504,14129,12,3,3,2,0,25),(309,972,14129,28,7,8,3,2,25),(310,2604,14129,7,2,1,0,0,25),(311,2040,14129,5,2,0,1,3,25),(312,4084,14129,0,0,0,0,0,25),(313,4152,14129,0,1,0,0,0,25),(314,3432,14129,6,3,0,1,0,25),(315,631,14129,0,6,4,0,0,25),(316,2863,14129,15,6,1,2,0,25),(317,4151,14129,0,0,0,0,0,25),(318,4009,14129,4,4,0,0,2,25),(319,4153,14129,0,1,1,0,0,25),(324,980,14130,2,4,0,0,0,30),(325,331,14130,3,1,1,0,1,30),(326,351,14130,0,0,0,0,0,30),(327,313,14130,3,2,0,1,0,30),(328,842,14130,17,1,4,0,0,30),(329,3436,14130,2,1,0,0,2,30),(330,441,14130,33,5,4,0,0,22),(331,2621,14130,6,2,3,1,0,22),(332,192,14130,3,11,1,0,2,22),(333,114,14130,6,2,4,1,0,22),(334,2584,14130,32,7,4,0,1,22),(335,2146,14130,19,13,3,0,0,22),(336,258,14130,0,0,1,0,0,22),(337,962,14130,9,1,2,0,0,22),(338,1845,14130,9,1,2,0,0,22),(339,3414,14131,15,6,9,1,0,26),(340,2858,14131,29,6,5,0,1,26),(341,950,14131,8,11,4,0,2,26),(342,89,14131,10,1,2,2,2,26),(343,2852,14131,10,5,1,0,1,26),(344,1037,14131,18,3,0,1,1,26),(345,1848,14131,3,2,0,0,0,26),(346,2563,14131,4,1,2,0,3,26),(347,220,14131,6,1,0,1,0,26),(348,4010,14131,10,3,5,2,0,26),(349,4011,14131,3,0,0,0,0,26),(350,175,14131,15,6,0,0,1,4),(351,1871,14131,12,2,2,1,0,4),(352,472,14131,20,1,6,0,1,4),(353,481,14131,7,6,3,1,1,4),(354,2855,14131,24,6,3,0,0,4),(355,3946,14131,0,1,2,0,1,4),(356,2864,14131,7,7,1,0,1,4),(357,3944,14131,7,2,0,0,1,4),(358,1854,14131,4,5,3,1,1,4),(359,1001,14131,3,1,2,0,0,4),(360,2820,14131,2,0,0,0,0,4),(385,1868,14133,24,7,3,1,0,1),(386,2819,14133,16,7,3,2,2,1),(387,92,14133,6,7,1,2,1,1),(388,1046,14133,38,8,10,0,4,1),(389,3406,14133,18,1,4,2,2,1),(390,2629,14133,7,8,3,0,1,1),(391,4090,14133,5,0,1,1,0,1),(392,2327,14133,8,1,0,0,0,1),(393,2608,14133,3,0,0,1,1,1),(394,1879,14133,3,5,1,0,0,5),(395,941,14133,27,5,0,1,0,5),(396,2639,14133,12,13,2,1,0,5),(397,2566,14133,34,5,4,1,1,5),(398,123,14133,9,5,2,0,3,5),(399,1901,14133,9,4,6,0,1,5),(400,3431,14133,2,4,0,0,0,5),(401,2831,14133,17,3,4,0,1,5),(402,2593,14133,5,3,2,1,1,5),(403,2739,14133,2,6,1,0,0,5),(404,2392,14134,19,5,1,0,2,7),(405,2835,14134,16,6,3,2,4,7),(406,727,14134,17,11,2,1,1,7),(407,1860,14134,13,2,6,0,1,7),(408,840,14134,19,2,5,0,0,7),(409,4102,14134,0,0,0,0,0,7),(410,391,14134,3,5,0,0,0,7),(411,2630,14134,4,2,3,0,0,7),(412,317,14134,9,3,2,1,3,7),(413,1870,14134,13,2,4,0,1,7),(414,2623,14134,0,1,2,0,1,7),(415,4043,14134,0,0,0,0,0,7),(416,222,14134,10,5,4,1,1,10),(417,215,14134,9,3,1,0,0,10),(418,3433,14134,5,7,5,1,1,10),(419,2801,14134,33,4,6,0,0,10),(420,3451,14134,22,5,4,0,0,10),(421,3438,14134,5,2,0,0,0,10),(422,2638,14134,0,1,1,0,0,10),(423,4111,14134,4,7,1,1,0,10),(424,2648,14134,0,3,1,1,1,10),(425,46,14134,13,4,1,1,0,10),(426,3970,14134,0,1,1,0,0,10),(427,3474,14134,0,0,0,0,0,10),(428,4112,14134,0,0,0,0,0,10),(429,940,14135,21,1,5,0,1,24),(430,732,14135,14,4,1,0,1,24),(431,519,14135,21,15,0,2,1,24),(432,946,14135,26,5,5,0,0,24),(433,791,14135,20,10,3,0,1,24),(434,4007,14135,0,0,0,0,0,24),(435,2849,14135,2,2,0,0,0,24),(436,4148,14135,0,1,0,2,0,24),(437,417,14135,7,2,3,0,1,24),(438,2832,14135,8,2,2,0,0,24),(439,4149,14135,4,0,0,0,0,24),(440,4147,14135,0,1,0,0,0,24),(441,479,14135,12,5,2,0,0,15),(442,2626,14135,4,2,0,0,0,15),(443,522,14135,13,7,1,3,0,15),(444,3476,14135,2,2,2,0,2,15),(445,2595,14135,0,1,5,0,1,15),(446,274,14135,2,0,1,1,0,15),(447,2658,14135,8,1,4,1,0,15),(448,4118,14135,2,1,0,1,0,15),(449,3981,14135,12,4,3,0,2,15),(608,2817,14135,10,5,2,0,1,15),(609,348,14135,7,2,5,0,0,15),(610,3466,14135,20,2,1,0,1,15),(611,3979,14135,4,0,0,0,0,15),(612,3452,14135,2,1,2,0,1,15),(775,2664,14145,3,8,2,0,1,6),(776,534,14145,18,13,2,1,0,6),(777,1900,14145,9,4,3,0,1,6),(778,308,14145,22,9,3,1,2,6),(779,2808,14145,14,7,4,0,0,6),(780,2644,14145,4,6,0,0,0,6),(781,3494,14145,2,0,0,0,0,6),(782,4098,14145,3,1,0,0,0,6),(783,3954,14145,9,1,0,0,1,6),(784,1867,14145,2,2,0,0,0,6),(785,949,14145,0,0,1,0,1,6),(786,735,14145,3,5,1,0,0,6),(787,2802,14145,3,5,6,0,0,6),(788,2803,14145,3,0,1,0,0,6),(789,3448,14145,21,16,0,2,1,25),(790,3504,14145,24,9,8,0,0,25),(791,972,14145,23,8,2,0,4,25),(792,2040,14145,7,2,1,0,0,25),(793,4009,14145,9,6,2,0,3,25),(794,4084,14145,3,0,0,0,1,25),(795,4152,14145,0,0,0,0,1,25),(796,3432,14145,6,6,1,1,0,25),(797,631,14145,3,2,2,2,2,25),(798,2604,14145,6,1,1,0,0,25),(799,2863,14145,8,3,1,0,1,25),(800,4151,14145,0,0,0,0,0,25),(801,4153,14145,4,1,3,0,2,25),(802,4130,14146,7,1,0,0,0,19),(803,486,14146,9,0,3,1,2,19),(804,1881,14146,16,2,10,1,0,19),(805,2568,14146,13,7,2,0,2,19),(806,1853,14146,5,5,1,0,2,19),(807,2786,14146,22,7,5,1,0,19),(808,3460,14146,3,7,2,0,1,19),(809,4133,14146,7,2,2,0,0,19),(810,2814,14146,18,2,0,1,0,19),(811,3477,14146,11,5,12,1,2,19),(812,4131,14146,0,0,0,0,0,19),(813,3414,14146,16,7,3,0,1,26),(814,2858,14146,23,7,3,0,2,26),(815,950,14146,3,10,2,1,0,26),(816,89,14146,3,2,1,1,2,26),(817,2852,14146,21,7,3,1,4,26),(818,1037,14146,9,3,0,1,0,26),(819,1848,14146,2,1,1,1,0,26),(820,287,14146,3,0,1,0,0,26),(821,2563,14146,4,0,2,0,1,26),(822,220,14146,0,0,0,0,0,26),(823,2671,14146,0,0,0,0,0,26),(824,2833,14146,0,1,2,0,0,26),(825,3449,14146,6,0,0,0,0,26),(826,4010,14146,10,1,3,1,0,26),(827,4011,14146,11,2,0,0,0,26),(828,441,14147,24,9,5,0,0,22),(829,2621,14147,9,3,2,2,1,22),(830,192,14147,15,12,1,4,1,22),(831,114,14147,10,3,6,1,4,22),(832,2584,14147,24,6,4,1,1,22),(833,2146,14147,10,4,1,0,1,22),(834,258,14147,0,1,4,0,0,22),(835,962,14147,16,2,2,0,1,22),(836,1845,14147,4,1,4,0,0,22),(837,2789,14147,20,8,6,0,1,38),(838,428,14147,8,10,3,1,1,38),(839,2834,14147,0,2,8,1,1,38),(840,3411,14147,19,2,2,0,2,38),(841,4027,14147,25,1,2,0,1,38),(842,745,14147,4,9,0,0,0,38),(843,1858,14147,6,3,1,2,1,38),(844,4172,14147,9,6,1,0,0,38),(845,4175,14147,2,3,1,0,2,38),(846,4176,14147,5,0,5,0,0,38),(847,2797,14147,3,2,0,0,0,38),(848,3425,14148,12,6,0,0,0,31),(849,3490,14148,17,12,3,0,2,31),(850,36,14148,11,3,1,1,0,31),(851,4026,14148,29,7,1,3,0,31),(852,415,14148,3,0,9,0,1,31),(853,762,14148,4,8,2,0,0,31),(854,1872,14148,16,8,0,0,1,31),(855,3419,14148,7,3,2,2,0,31),(856,3499,14148,2,1,2,0,0,31),(857,4169,14148,8,1,3,1,2,31),(858,3489,14148,7,7,1,0,1,14),(859,749,14148,16,2,1,1,1,14),(860,2847,14148,6,5,2,0,2,14),(861,527,14148,18,2,7,0,3,14),(862,2810,14148,29,6,5,0,0,14),(863,3435,14148,6,2,2,1,3,14),(864,3977,14148,1,4,2,0,0,14),(865,3978,14148,10,3,0,1,0,14),(866,1485,14148,13,2,0,0,0,14),(867,4117,14148,0,1,1,0,0,14),(868,153,14149,31,9,2,1,1,28),(869,4162,14149,13,1,1,0,0,28),(870,398,14149,18,14,1,1,0,28),(871,285,14149,8,5,7,1,1,28),(872,64,14149,21,1,5,0,1,28),(873,851,14149,7,9,4,1,0,28),(874,426,14149,3,1,1,0,0,28),(875,4163,14149,0,1,0,0,0,28),(876,845,14149,8,3,3,0,0,28),(877,599,14149,2,3,2,0,0,28),(878,3441,14149,3,0,0,0,0,28),(879,1897,14149,5,6,0,1,1,8),(880,1859,14149,7,8,4,0,0,8),(881,261,14149,22,2,5,0,3,8),(882,963,14149,40,10,4,1,0,8),(883,514,14149,19,3,1,0,1,8),(884,817,14149,2,1,2,0,0,8),(885,3960,14149,0,0,0,0,0,8),(886,2668,14149,2,2,3,0,1,8),(887,433,14149,0,0,0,0,0,8),(888,4044,14149,5,11,3,0,0,8),(889,2811,14149,0,2,0,0,0,8),(890,3996,14149,0,0,0,0,0,8),(891,3407,14149,0,1,0,0,0,8),(892,126,14150,31,9,2,2,3,17),(893,1862,14150,18,9,3,0,0,17),(894,265,14150,32,14,10,1,0,17),(895,462,14150,16,4,5,0,2,17),(896,2845,14150,16,7,6,0,0,17),(897,1864,14150,4,2,1,0,0,17),(898,1775,14150,2,0,0,0,1,17),(899,3427,14150,2,0,4,0,2,17),(900,4126,14150,10,0,1,0,0,17),(901,463,14150,29,12,10,1,1,30),(902,136,14150,23,0,3,0,3,30),(903,3475,14150,14,4,1,2,2,30),(904,776,14150,28,5,10,0,2,30),(905,980,14150,14,2,1,0,2,30),(906,331,14150,5,4,1,1,1,30),(907,313,14150,0,2,1,1,0,30),(908,997,14150,0,0,0,0,0,30),(909,842,14150,14,3,5,0,1,30),(910,479,14151,17,5,6,1,0,15),(911,2626,14151,10,7,1,0,1,15),(912,522,14151,14,4,2,1,4,15),(913,3476,14151,10,2,8,0,0,15),(914,2595,14151,22,4,2,1,0,15),(915,2658,14151,15,4,1,0,2,15),(916,3981,14151,3,1,0,0,0,15),(917,2817,14151,2,1,0,1,0,15),(918,348,14151,10,5,4,0,1,15),(919,3466,14151,5,2,2,0,0,15),(920,3979,14151,6,2,2,0,0,15),(921,2242,14151,17,12,1,0,1,27),(922,147,14151,9,17,1,1,2,27),(923,327,14151,6,1,2,0,1,27),(924,2619,14151,45,4,4,2,1,27),(925,407,14151,14,8,0,0,2,27),(926,904,14151,0,6,4,0,1,27),(927,2617,14151,8,3,1,0,1,27),(928,196,14151,15,1,1,1,0,27),(929,4159,14151,4,2,1,0,0,27),(930,175,14152,3,3,2,0,2,4),(931,1871,14152,13,6,3,0,2,4),(932,472,14152,29,4,6,0,1,4),(933,481,14152,2,6,6,0,1,4),(934,2855,14152,32,5,2,0,2,4),(935,3946,14152,2,1,2,0,0,4),(936,3945,14152,0,1,0,0,0,4),(937,2864,14152,7,4,0,1,1,4),(938,3944,14152,13,4,0,0,0,4),(939,1854,14152,10,11,1,2,0,4),(940,1001,14152,0,0,1,0,0,4),(941,2820,14152,0,2,0,0,0,4),(942,4006,14152,3,0,0,0,0,4),(943,4212,14152,1,0,0,0,0,4),(944,437,14152,3,7,1,0,1,21),(945,20,14152,22,12,7,1,1,21),(946,323,14152,15,4,0,0,2,21),(947,319,14152,21,4,4,0,0,21),(948,1058,14152,9,0,2,0,0,21),(949,431,14152,16,10,2,1,0,21),(950,3405,14152,4,0,0,0,1,21),(951,4141,14152,2,1,0,0,0,21),(952,115,14152,3,3,2,0,0,21),(953,564,14152,0,2,0,1,0,21),(954,3443,14152,5,0,1,0,0,21),(955,4047,14152,0,0,1,0,2,21),(956,4140,14152,2,0,0,0,0,21),(957,4015,14153,12,3,4,0,2,29),(958,200,14153,28,5,2,4,2,29),(959,2564,14153,11,6,3,0,1,29),(960,930,14153,17,12,0,1,0,29),(961,1023,14153,27,2,6,0,2,29),(962,3496,14153,7,5,0,1,0,29),(963,4017,14153,5,1,1,0,0,29),(964,4018,14153,0,0,0,0,0,29),(965,4164,14153,9,9,0,2,0,29),(966,2788,14153,0,1,1,0,0,29),(967,3408,14153,9,5,7,0,0,29),(968,4069,14153,0,2,1,0,2,29),(969,1902,14153,14,3,4,1,0,23),(970,260,14153,14,8,6,0,0,23),(971,2822,14153,12,2,1,0,2,23),(972,886,14153,2,4,1,2,0,23),(973,347,14153,27,4,3,0,4,23),(974,2846,14153,0,0,0,0,0,23),(975,3467,14153,2,3,0,0,0,23),(976,4145,14153,5,3,2,2,2,23),(977,2941,14153,3,1,4,1,1,23),(978,2404,14153,7,3,0,2,0,23),(979,4146,14153,0,1,0,0,0,23),(980,4002,14153,17,7,3,0,0,23),(981,3448,14154,18,7,4,2,1,25),(982,3504,14154,16,7,4,0,1,25),(983,972,14154,30,10,7,3,3,25),(984,2863,14154,9,1,1,0,1,25),(985,2040,14154,11,2,1,0,0,25),(986,3432,14154,5,1,0,0,0,25),(987,631,14154,2,2,1,2,3,25),(988,2604,14154,6,1,1,0,0,25),(989,4009,14154,2,4,1,0,2,25),(990,4153,14154,0,1,1,1,0,25),(991,4090,14154,11,4,2,0,1,1),(992,2819,14154,7,9,2,1,0,1),(993,92,14154,6,10,2,1,1,1),(994,1046,14154,21,0,7,0,0,1),(995,3406,14154,7,8,2,1,1,1),(996,2629,14154,12,3,1,0,1,1),(997,3483,14154,9,4,2,0,0,1),(998,2327,14154,14,2,1,0,2,1),(999,2608,14154,5,4,2,0,1,1),(1000,204,14155,2,5,2,0,0,11),(1001,2827,14155,12,5,1,0,3,11),(1002,3973,14155,4,1,1,1,0,11),(1003,548,14155,29,3,0,1,1,11),(1004,124,14155,18,4,6,1,2,11),(1005,322,14155,10,11,3,0,3,11),(1006,3404,14155,0,0,0,0,0,11),(1007,18,14155,0,1,0,0,0,11),(1008,236,14155,8,6,2,1,1,11),(1009,593,14155,6,3,0,0,0,11),(1010,998,14155,8,1,0,1,0,11),(1011,2836,14155,3,2,0,0,0,11),(1012,3975,14155,4,5,4,0,0,11),(1013,283,14155,18,4,0,0,2,16),(1014,575,14155,23,18,6,1,2,16),(1015,216,14155,23,7,11,0,0,16),(1016,1877,14155,2,1,0,0,1,16),(1017,434,14155,20,1,0,1,0,16),(1018,40,14155,5,4,2,0,0,16),(1019,2823,14155,0,1,1,0,0,16),(1020,2115,14155,8,3,0,0,0,16),(1021,152,14155,6,9,4,0,4,16),(1022,1888,14155,7,0,3,0,2,16),(1023,3414,14156,50,13,9,2,1,26),(1024,2858,14156,7,1,1,0,1,26),(1025,950,14156,11,10,1,0,1,26),(1026,89,14156,4,0,1,0,1,26),(1027,2852,14156,25,5,7,1,1,26),(1028,1037,14156,14,4,1,0,0,26),(1029,2563,14156,0,5,1,1,0,26),(1030,220,14156,0,3,1,1,0,26),(1031,4010,14156,8,3,3,1,2,26),(1032,4011,14156,0,2,1,0,0,26),(1033,479,14156,26,9,4,0,2,15),(1034,2626,14156,10,4,1,0,1,15),(1035,522,14156,13,5,0,0,0,15),(1036,3476,14156,13,3,7,0,1,15),(1037,2595,14156,19,9,10,0,1,15),(1038,2658,14156,14,2,0,0,0,15),(1039,3981,14156,0,0,0,0,1,15),(1040,2817,14156,7,9,2,4,0,15),(1041,348,14156,0,0,1,0,1,15),(1042,3466,14156,5,2,0,0,0,15),(1043,3979,14156,8,1,0,0,0,15),(1044,4090,14157,4,3,1,2,2,1),(1045,2819,14157,29,12,7,1,1,1),(1046,92,14157,16,4,2,1,1,1),(1047,1046,14157,14,8,13,1,1,1),(1048,3406,14157,11,3,1,0,3,1),(1049,385,14157,15,3,4,1,2,1),(1050,3483,14157,9,6,2,1,1,1),(1051,2327,14157,14,0,2,0,0,1),(1052,2608,14157,7,0,0,0,1,1),(1053,4184,14157,7,9,1,2,1,41),(1054,820,14157,25,11,7,0,0,41),(1055,525,14157,7,9,4,0,0,41),(1056,1887,14157,26,1,5,0,2,41),(1057,4036,14157,17,2,3,0,2,41),(1058,931,14157,2,2,0,0,0,41),(1059,4183,14157,3,2,1,1,0,41),(1060,2825,14157,21,4,1,0,1,41),(1061,4182,14157,13,3,2,0,1,41),(1062,882,14158,15,8,4,1,2,2),(1063,248,14158,10,5,1,2,0,2),(1064,242,14158,21,4,3,0,0,2),(1065,897,14158,13,3,8,1,1,2),(1066,75,14158,30,6,4,0,0,2),(1067,2656,14158,0,3,0,0,0,2),(1068,819,14158,0,1,1,1,0,2),(1069,2635,14158,28,5,3,0,2,2),(1070,3943,14158,2,3,0,0,0,2),(1071,437,14158,3,4,1,0,1,21),(1072,20,14158,30,10,6,0,0,21),(1073,323,14158,13,6,0,4,2,21),(1074,319,14158,33,7,7,1,2,21),(1075,1058,14158,10,3,1,0,2,21),(1076,431,14158,4,6,0,1,0,21),(1077,115,14158,5,2,0,0,0,21),(1078,564,14158,0,0,1,0,0,21),(1079,4047,14158,4,3,2,0,0,21),(1080,2786,14162,11,13,7,1,0,19),(1081,4130,14162,6,5,0,0,0,19),(1082,486,14162,1,4,7,2,2,19),(1083,2568,14162,30,7,4,0,0,19),(1084,1853,14162,4,4,0,0,0,19),(1085,3460,14162,17,9,5,0,0,19),(1086,4133,14162,11,6,2,0,1,19),(1087,2814,14162,10,2,1,2,0,19),(1088,3477,14162,14,4,10,1,1,19),(1089,2664,14162,5,6,1,2,0,6),(1090,534,14162,22,7,5,1,0,6),(1091,1900,14162,20,2,5,0,0,6),(1092,308,14162,30,3,4,0,1,6),(1093,2808,14162,12,13,8,1,1,6),(1094,2644,14162,16,7,1,0,1,6),(1095,3494,14162,0,0,1,0,1,6),(1096,4098,14162,0,0,0,0,0,6),(1097,3954,14162,5,3,1,0,1,6),(1098,735,14162,6,1,6,1,0,6),(1099,2802,14162,10,8,4,1,0,6),(1100,3425,14163,5,5,1,1,1,31),(1101,3490,14163,22,9,4,1,0,31),(1102,36,14163,2,3,0,0,0,31),(1103,4026,14163,14,20,5,4,0,31),(1104,415,14163,16,1,3,0,1,31),(1105,762,14163,11,3,1,0,2,31),(1106,1872,14163,6,5,0,0,0,31),(1107,3419,14163,15,0,1,0,1,31),(1108,3499,14163,6,2,2,0,0,31),(1109,4169,14163,4,1,5,0,1,31),(1110,3489,14163,17,8,1,0,0,14),(1111,749,14163,7,7,0,0,0,14),(1112,2847,14163,12,12,5,1,1,14),(1113,527,14163,11,3,9,0,2,14),(1114,2810,14163,36,1,2,0,0,14),(1115,3435,14163,6,5,2,0,2,14),(1116,3977,14163,7,3,0,1,1,14),(1117,3978,14163,4,1,0,0,0,14),(1118,4,14163,6,3,0,0,0,14),(1119,4117,14163,0,0,1,0,0,14),(1120,1897,14164,12,11,2,2,4,8),(1121,1859,14164,9,7,0,3,0,8),(1122,261,14164,23,6,9,1,1,8),(1123,963,14164,15,9,8,1,2,8),(1124,514,14164,18,4,2,0,0,8),(1125,3960,14164,0,0,0,0,0,8),(1126,2668,14164,4,6,2,0,1,8),(1127,433,14164,0,0,0,0,0,8),(1128,4044,14164,14,4,2,3,1,8),(1129,142,14164,11,0,1,1,0,8),(1130,2811,14164,4,3,1,1,0,8),(1131,3398,14164,0,0,0,0,0,8),(1132,3407,14164,0,0,0,0,0,8),(1133,830,14164,17,9,2,0,0,40),(1134,4031,14164,2,3,2,1,1,40),(1135,3457,14164,12,11,1,2,2,40),(1136,1021,14164,23,4,2,0,1,40),(1137,4029,14164,17,5,5,0,1,40),(1138,761,14164,16,6,3,1,1,40),(1139,4179,14164,0,1,2,0,0,40),(1140,4181,14164,2,4,0,1,0,40),(1141,4034,14164,0,2,1,0,0,40),(1142,365,14164,0,0,2,0,1,40),(1143,109,14164,13,5,4,0,0,40),(1144,153,14165,30,8,4,4,0,28),(1145,398,14165,2,4,0,2,0,28),(1146,285,14165,7,6,5,0,3,28),(1147,45,14165,15,3,4,1,2,28),(1148,64,14165,33,3,2,0,1,28),(1149,851,14165,12,9,4,2,0,28),(1150,4162,14165,7,1,0,1,1,28),(1151,426,14165,0,10,2,1,0,28),(1152,845,14165,0,0,0,0,0,28),(1153,926,14165,3,2,0,0,0,28),(1154,126,14165,29,15,3,3,1,17),(1155,1862,14165,20,10,2,1,1,17),(1156,265,14165,11,5,8,0,1,17),(1157,462,14165,14,1,8,0,0,17),(1158,2845,14165,23,8,3,0,2,17),(1159,1864,14165,0,4,0,0,0,17),(1160,1775,14165,3,0,0,0,0,17),(1161,3427,14165,5,2,1,2,0,17),(1162,4126,14165,0,1,0,0,0,17),(1163,463,14166,16,13,7,0,0,30),(1164,136,14166,23,4,3,0,3,30),(1165,3475,14166,6,8,2,0,0,30),(1166,776,14166,24,6,3,0,2,30),(1167,980,14166,18,1,4,3,0,30),(1168,331,14166,3,0,0,1,0,30),(1169,351,14166,6,0,0,0,0,30),(1170,313,14166,0,1,4,0,1,30),(1171,302,14166,0,0,0,0,0,30),(1172,4168,14166,0,0,0,0,0,30),(1173,997,14166,0,0,1,0,0,30),(1174,842,14166,12,4,0,1,1,30),(1175,4020,14166,0,0,0,0,0,30),(1176,3436,14166,3,3,1,1,1,30),(1177,4015,14166,2,2,3,1,1,29),(1178,200,14166,7,8,2,1,1,29),(1179,2564,14166,9,4,1,0,2,29),(1180,930,14166,20,11,1,0,0,29),(1181,1023,14166,12,1,3,0,0,29),(1182,3496,14166,15,6,0,0,0,29),(1183,4017,14166,7,2,0,0,0,29),(1184,4018,14166,0,1,1,1,0,29),(1185,4164,14166,2,6,0,1,0,29),(1186,2788,14166,2,0,0,0,0,29),(1187,3408,14166,18,4,5,0,0,29),(1188,4069,14166,4,1,1,0,1,29),(1189,175,14167,13,5,2,1,1,4),(1190,3944,14167,0,3,1,1,0,4),(1191,1871,14167,17,3,3,0,0,4),(1192,472,14167,20,0,11,0,0,4),(1193,2855,14167,14,2,3,0,0,4),(1194,3946,14167,11,3,2,0,1,4),(1195,2864,14167,13,1,3,1,0,4),(1196,1854,14167,8,7,1,2,0,4),(1197,1001,14167,3,1,2,0,1,4),(1198,2820,14167,0,1,0,0,0,4),(1199,195,14167,13,4,2,1,0,9),(1200,1014,14167,14,4,2,0,1,9),(1201,279,14167,17,13,11,1,0,9),(1202,383,14167,18,1,3,0,0,9),(1203,3420,14167,7,2,2,1,0,9),(1204,468,14167,3,2,0,0,0,9),(1205,3498,14167,4,1,0,0,0,9),(1206,544,14167,12,0,4,0,0,9),(1207,3966,14167,5,3,0,0,1,9),(1208,441,14168,18,6,6,0,2,22),(1209,2621,14168,8,2,3,0,0,22),(1210,192,14168,4,7,1,0,0,22),(1211,114,14168,7,2,5,0,0,22),(1212,2584,14168,29,5,2,1,0,22),(1213,2146,14168,10,9,2,1,0,22),(1214,258,14168,0,0,1,0,0,22),(1215,962,14168,3,1,4,0,2,22),(1216,1845,14168,3,0,1,0,1,22),(1217,1897,14168,15,7,2,0,1,8),(1218,1859,14168,12,2,0,1,0,8),(1219,261,14168,26,3,5,0,1,8),(1220,963,14168,13,6,8,0,1,8),(1221,514,14168,7,0,1,0,1,8),(1222,2668,14168,2,3,3,0,1,8),(1223,4044,14168,4,7,1,1,3,8),(1224,142,14168,3,2,2,0,1,8),(1225,2811,14168,9,1,0,0,1,8),(1226,3407,14168,2,1,1,0,0,8),(1227,830,14169,7,3,1,0,0,40),(1228,4181,14169,9,0,2,0,2,40),(1229,3457,14169,4,8,2,2,1,40),(1230,109,14169,21,5,3,0,0,40),(1231,4029,14169,10,4,11,0,0,40),(1232,761,14169,18,7,0,1,1,40),(1233,966,14169,0,1,1,0,0,40),(1234,4179,14169,12,8,2,0,1,40),(1235,4034,14169,11,3,1,0,0,40),(1236,365,14169,0,1,0,1,1,40),(1237,1021,14169,4,2,1,0,0,40),(1238,3454,14169,0,0,0,0,1,40),(1239,463,14169,28,11,4,0,0,30),(1240,136,14169,20,4,8,1,1,30),(1241,3475,14169,14,5,1,0,1,30),(1242,776,14169,19,5,6,0,1,30),(1243,980,14169,14,5,0,1,2,30),(1244,331,14169,2,7,1,2,2,30),(1245,351,14169,2,0,0,0,0,30),(1246,313,14169,2,4,0,0,0,30),(1247,302,14169,0,0,0,0,0,30),(1248,4168,14169,0,0,0,0,0,30),(1249,997,14169,0,0,1,0,0,30),(1250,842,14169,7,4,3,1,0,30),(1251,4020,14169,0,0,0,1,0,30),(1252,3436,14169,5,4,2,3,2,30),(1253,204,14170,3,3,7,2,1,11),(1254,3973,14170,3,2,5,1,0,11),(1255,236,14170,28,1,1,0,2,11),(1256,2836,14170,17,2,1,1,0,11),(1257,3975,14170,19,3,5,2,1,11),(1258,2827,14170,17,3,3,1,2,11),(1259,322,14170,4,9,2,1,2,11),(1260,3404,14170,21,8,4,0,1,11),(1261,3485,14170,0,0,1,0,0,11),(1262,18,14170,1,2,4,0,5,11),(1263,593,14170,7,1,0,1,0,11),(1264,4114,14170,0,0,1,0,1,11),(1265,3492,14170,4,0,0,0,0,11),(1266,1902,14170,31,8,3,1,0,23),(1267,260,14170,30,4,2,0,0,23),(1268,2822,14170,5,3,0,0,1,23),(1269,886,14170,5,7,3,1,0,23),(1270,347,14170,5,6,5,2,0,23),(1271,3424,14170,3,0,0,0,0,23),(1272,2846,14170,5,1,0,0,0,23),(1273,4145,14170,9,7,3,2,0,23),(1274,2941,14170,6,0,4,0,1,23),(1275,2792,14170,0,0,1,0,0,23),(1276,2404,14170,3,6,1,0,1,23),(1277,4002,14170,4,2,1,0,1,23),(1278,941,14171,5,3,1,1,0,5),(1279,2639,14171,15,12,4,3,1,5),(1280,2566,14171,19,3,6,0,2,5),(1281,123,14171,7,1,1,0,0,5),(1282,2593,14171,9,2,3,2,0,5),(1283,1901,14171,15,2,5,0,2,5),(1284,3431,14171,0,4,1,0,0,5),(1285,4095,14171,3,3,3,0,1,5),(1286,1879,14171,17,2,2,0,1,5),(1287,2831,14171,25,0,3,1,2,5),(1288,4175,14171,11,4,1,1,1,38),(1289,428,14171,20,15,1,0,2,38),(1290,2834,14171,2,2,9,0,0,38),(1291,1846,14171,19,4,8,0,2,38),(1292,4027,14171,24,1,0,0,3,38),(1293,745,14171,13,4,1,1,0,38),(1294,1858,14171,0,1,0,0,0,38),(1295,4172,14171,0,3,0,0,0,38),(1296,3411,14171,10,1,2,1,0,38),(1297,4176,14171,7,2,9,0,1,38),(1298,2392,14172,8,3,2,0,3,7),(1299,2835,14172,25,5,0,0,0,7),(1300,727,14172,20,17,1,2,0,7),(1301,1860,14172,12,0,10,0,2,7),(1302,840,14172,24,3,7,0,3,7),(1303,4102,14172,0,0,0,0,0,7),(1304,391,14172,5,2,2,0,1,7),(1305,2630,14172,3,0,0,0,1,7),(1306,515,14172,2,1,0,0,0,7),(1307,317,14172,16,0,6,0,1,7),(1308,1870,14172,4,1,4,0,0,7),(1309,2623,14172,3,0,3,0,2,7),(1310,126,14172,22,13,2,1,2,17),(1311,1862,14172,8,5,2,0,1,17),(1312,265,14172,26,6,3,0,0,17),(1313,462,14172,10,3,5,0,0,17),(1314,2845,14172,7,2,3,0,0,17),(1315,1889,14172,0,1,0,0,0,17),(1316,1864,14172,6,3,2,0,1,17),(1317,1775,14172,5,0,0,0,0,17),(1318,3427,14172,3,1,1,0,1,17),(1319,4125,14172,0,0,1,0,1,17),(1320,4126,14172,13,2,1,0,0,17),(1321,479,14173,23,8,5,0,0,15),(1322,2626,14173,9,7,3,1,0,15),(1323,2817,14173,8,2,0,1,2,15),(1324,3476,14173,2,0,1,0,1,15),(1325,2595,14173,12,5,9,0,2,15),(1326,2658,14173,16,5,2,1,1,15),(1327,3981,14173,0,1,0,0,2,15),(1328,348,14173,10,2,2,0,1,15),(1329,3466,14173,28,9,4,0,0,15),(1330,3979,14173,4,3,2,1,1,15),(1331,882,14173,26,6,2,0,3,2),(1332,248,14173,8,4,1,0,1,2),(1333,242,14173,8,3,4,0,0,2),(1334,897,14173,10,3,1,1,0,2),(1335,75,14173,14,4,4,2,1,2),(1336,2656,14173,0,0,0,0,1,2),(1337,2812,14173,5,2,1,1,1,2),(1338,819,14173,8,9,2,0,0,2),(1339,2844,14173,0,0,0,0,0,2),(1340,2635,14173,12,4,1,0,1,2),(1341,3943,14173,0,0,0,0,0,2),(1342,2242,14174,7,5,1,0,0,27),(1343,147,14174,7,9,0,0,1,27),(1344,327,14174,3,3,2,1,2,27),(1345,2619,14174,29,3,6,0,2,27),(1346,407,14174,10,7,1,0,0,27),(1347,904,14174,8,2,2,1,2,27),(1348,2617,14174,4,1,0,1,0,27),(1349,196,14174,3,0,1,0,0,27),(1350,4159,14174,8,0,3,0,0,27),(1351,4049,14174,0,1,0,0,0,27),(1352,222,14174,15,11,1,1,0,10),(1353,215,14174,10,0,3,0,0,10),(1354,3433,14174,0,6,1,0,0,10),(1355,2801,14174,22,5,6,1,1,10),(1356,3451,14174,21,3,3,0,2,10),(1357,3438,14174,2,4,2,0,0,10),(1358,4111,14174,6,3,0,0,0,10),(1359,2648,14174,7,9,3,3,1,10),(1360,46,14174,11,3,3,0,0,10),(1361,4184,14175,9,5,2,4,1,41),(1362,4183,14175,11,2,2,0,2,41),(1363,1887,14175,20,3,8,0,2,41),(1364,4036,14175,24,9,1,1,3,41),(1365,4182,14175,12,4,4,0,0,41),(1366,2590,14175,0,0,0,0,0,41),(1367,931,14175,2,1,0,0,0,41),(1368,3413,14175,2,0,0,0,0,41),(1369,2825,14175,8,1,2,0,0,41),(1370,525,14175,14,3,5,0,0,41),(1371,2796,14175,2,2,2,0,0,41),(1372,3428,14175,0,0,0,0,0,41),(1373,4090,14175,11,6,2,2,1,1),(1374,3483,14175,13,3,1,0,2,1),(1375,2819,14175,14,15,4,0,1,1),(1376,92,14175,12,4,0,0,0,1),(1377,1046,14175,31,3,10,0,2,1),(1378,385,14175,2,0,0,0,0,1),(1379,2629,14175,2,3,2,0,0,1),(1380,2327,14175,3,1,2,0,2,1),(1381,3259,14175,8,1,2,0,0,1),(1382,3453,14176,10,4,0,0,0,20),(1383,86,14176,6,2,3,0,2,20),(1384,724,14176,10,2,3,0,1,20),(1385,1866,14176,23,4,5,0,1,20),(1386,458,14176,3,3,4,0,1,20),(1387,1018,14176,5,1,0,0,0,20),(1388,753,14176,6,2,0,0,0,20),(1389,3360,14176,2,3,0,3,0,20),(1390,4085,14176,7,7,4,0,0,20),(1391,940,14176,11,1,3,1,1,24),(1392,732,14176,11,2,1,0,2,24),(1393,519,14176,26,7,1,0,0,24),(1394,946,14176,9,2,5,0,0,24),(1395,791,14176,3,11,4,0,1,24),(1396,2849,14176,0,2,0,0,0,24),(1397,417,14176,0,0,3,1,1,24),(1398,2832,14176,10,1,1,1,2,24),(1399,2664,14177,10,7,2,0,1,6),(1400,534,14177,18,14,5,1,1,6),(1401,1900,14177,21,2,3,0,1,6),(1402,308,14177,11,10,3,0,1,6),(1403,2808,14177,20,11,5,0,1,6),(1404,3494,14177,2,2,0,0,0,6),(1405,4098,14177,0,0,0,0,0,6),(1406,3954,14177,4,1,0,0,1,6),(1407,765,14177,0,2,0,0,0,6),(1408,3955,14177,4,1,1,0,0,6),(1409,2802,14177,12,4,4,1,0,6),(1410,3414,14177,31,7,4,0,0,26),(1411,2858,14177,7,3,4,1,1,26),(1412,950,14177,14,7,2,1,1,26),(1413,89,14177,8,1,1,0,1,26),(1414,2852,14177,17,6,5,2,4,26),(1415,801,14177,8,5,1,0,1,26),(1416,1037,14177,7,6,1,0,0,26),(1417,220,14177,0,2,1,0,0,26),(1418,4010,14177,4,3,6,3,1,26),(1419,4011,14177,3,2,0,1,0,26),(1420,4130,14178,13,2,1,0,1,19),(1421,486,14178,0,1,1,0,0,19),(1422,1881,14178,14,8,11,0,0,19),(1423,2568,14178,10,6,0,0,0,19),(1424,1853,14178,13,3,1,0,2,19),(1425,2786,14178,2,3,0,0,2,19),(1426,3460,14178,3,7,5,1,0,19),(1427,4133,14178,9,1,4,1,0,19),(1428,2814,14178,4,0,0,0,0,19),(1429,2177,14178,3,3,0,1,0,19),(1430,3477,14178,5,0,4,0,1,19),(1431,4131,14178,0,0,0,0,0,19),(1432,175,14178,7,5,4,0,2,4),(1433,1871,14178,14,2,4,1,0,4),(1434,472,14178,33,2,8,0,1,4),(1435,481,14178,8,5,3,0,1,4),(1436,2855,14178,19,2,2,0,1,4),(1437,3946,14178,12,7,2,0,0,4),(1438,2864,14178,17,1,3,1,4,4),(1439,3944,14178,5,2,0,0,0,4),(1440,1001,14178,0,1,0,0,0,4),(1441,3465,14178,0,0,0,0,0,4),(1442,2820,14178,4,7,1,0,1,4),(1443,4006,14178,0,0,0,0,0,4),(1444,4212,14178,0,0,0,0,0,4),(1445,3448,14179,19,5,2,2,2,25),(1446,3504,14179,12,7,8,1,4,25),(1447,972,14179,18,4,5,0,1,25),(1448,2040,14179,20,6,1,2,0,25),(1449,4009,14179,9,1,2,1,2,25),(1450,4084,14179,0,0,0,0,0,25),(1451,4152,14179,0,1,0,0,0,25),(1452,3432,14179,5,5,3,0,2,25),(1453,631,14179,0,2,2,0,4,25),(1454,2604,14179,6,1,2,0,1,25),(1455,2863,14179,4,3,3,0,0,25),(1456,4151,14179,0,0,0,0,0,25),(1457,4153,14179,12,4,0,0,2,25),(1458,3425,14179,3,3,0,0,1,31),(1459,3490,14179,17,9,4,0,1,31),(1460,36,14179,18,4,1,0,1,31),(1461,4026,14179,6,8,2,3,0,31),(1462,415,14179,14,5,9,1,1,31),(1463,762,14179,3,4,1,1,0,31),(1464,2830,14179,3,5,1,0,0,31),(1465,1872,14179,9,7,2,0,2,31),(1466,3419,14179,15,3,0,0,0,31),(1467,3499,14179,5,1,0,0,0,31),(1468,4169,14179,0,2,1,1,0,31),(1469,4024,14179,0,1,1,0,0,31),(1470,204,14180,14,4,6,5,1,11),(1471,3404,14180,3,1,3,1,1,11),(1472,3973,14180,15,9,2,1,0,11),(1473,2836,14180,8,4,3,0,0,11),(1474,3975,14180,13,8,7,0,1,11),(1475,2827,14180,16,4,2,0,1,11),(1476,322,14180,2,4,1,0,0,11),(1477,3485,14180,0,0,0,0,0,11),(1478,18,14180,10,4,2,1,0,11),(1479,236,14180,21,2,3,1,1,11),(1480,593,14180,0,1,2,0,0,11),(1481,4114,14180,2,1,0,0,0,11),(1482,3492,14180,0,0,1,0,0,11),(1483,1902,14180,12,12,4,1,0,23),(1484,260,14180,14,5,6,0,0,23),(1485,886,14180,0,3,0,0,0,23),(1486,2941,14180,16,5,4,2,1,23),(1487,4002,14180,23,4,1,0,0,23),(1488,3424,14180,7,2,1,1,1,23),(1489,2846,14180,9,5,3,0,0,23),(1490,4003,14180,2,2,0,0,0,23),(1491,4145,14180,0,3,1,0,0,23),(1492,2792,14180,1,3,2,0,2,23),(1493,2404,14180,5,5,2,2,3,23),(1494,283,14181,9,8,2,1,1,16),(1495,575,14181,6,12,1,2,1,16),(1496,216,14181,19,5,10,0,3,16),(1497,1877,14181,4,4,3,0,0,16),(1498,434,14181,30,5,2,0,1,16),(1499,40,14181,5,2,4,0,2,16),(1500,2823,14181,7,5,1,2,0,16),(1501,2115,14181,9,0,0,0,0,16),(1502,152,14181,6,2,2,0,0,16),(1503,1888,14181,10,6,1,0,2,16),(1504,4015,14181,12,1,1,1,3,29),(1505,200,14181,8,3,1,0,0,29),(1506,2564,14181,13,10,2,2,1,29),(1507,930,14181,15,12,1,1,1,29),(1508,1023,14181,25,2,6,0,0,29),(1509,3496,14181,0,1,0,0,0,29),(1510,4017,14181,5,8,2,1,2,29),(1511,4164,14181,7,6,0,1,1,29),(1512,3408,14181,14,3,6,0,1,29),(1513,4069,14181,7,1,0,0,0,29),(1514,2786,14182,19,9,2,0,1,19),(1515,4133,14182,16,7,1,0,0,19),(1516,4130,14182,10,8,0,1,1,19),(1517,1881,14182,26,10,14,0,1,19),(1518,1853,14182,7,2,2,0,0,19),(1519,3460,14182,11,10,3,0,2,19),(1520,2814,14182,4,2,1,1,0,19),(1521,3987,14182,0,0,0,1,0,19),(1522,3477,14182,16,3,1,0,1,19),(1523,4131,14182,0,0,0,0,0,19),(1524,437,14182,5,2,3,0,4,21),(1525,20,14182,37,11,4,1,1,21),(1526,323,14182,12,3,1,0,0,21),(1527,319,14182,4,2,6,0,1,21),(1528,1058,14182,9,2,0,0,1,21),(1529,431,14182,11,7,0,0,1,21),(1530,3405,14182,2,2,0,0,0,21),(1531,4141,14182,0,0,0,0,0,21),(1532,4005,14182,2,0,0,0,0,21),(1533,115,14182,3,3,2,0,0,21),(1534,564,14182,8,1,2,1,0,21),(1535,3443,14182,0,0,0,0,0,21),(1536,4047,14182,2,5,1,1,2,21),(1537,3484,14182,4,0,1,1,0,21),(1538,1897,14183,6,9,1,3,3,8),(1539,1859,14183,6,3,1,2,0,8),(1540,261,14183,28,8,7,0,0,8),(1541,963,14183,29,5,2,0,1,8),(1542,514,14183,12,1,1,0,1,8),(1543,2668,14183,4,2,3,1,0,8),(1544,433,14183,4,2,0,0,0,8),(1545,4044,14183,6,3,2,1,0,8),(1546,142,14183,4,1,3,0,0,8),(1547,2811,14183,1,1,0,0,0,8),(1548,3407,14183,2,2,1,0,1,8),(1549,3489,14183,14,6,0,0,1,14),(1550,749,14183,17,4,2,1,0,14),(1551,2847,14183,17,12,4,1,0,14),(1552,527,14183,4,5,4,0,0,14),(1553,2810,14183,23,12,4,1,1,14),(1554,3435,14183,15,4,2,1,0,14),(1555,3977,14183,10,4,1,0,1,14),(1556,3978,14183,6,1,1,0,0,14),(1557,4,14183,0,1,3,0,1,14),(1558,4117,14183,2,1,0,0,0,14),(1559,4179,14184,12,5,1,0,0,40),(1560,4181,14184,2,5,2,0,0,40),(1561,3457,14184,6,11,1,3,0,40),(1562,109,14184,3,3,1,0,2,40),(1563,4029,14184,15,4,5,0,0,40),(1564,761,14184,14,11,3,1,1,40),(1565,966,14184,6,5,1,2,0,40),(1566,4034,14184,5,3,1,0,0,40),(1567,365,14184,9,1,1,0,1,40),(1568,1021,14184,16,3,3,0,2,40),(1569,3454,14184,0,2,0,0,0,40),(1570,3425,14184,6,6,2,0,3,31),(1571,3490,14184,11,5,3,1,2,31),(1572,36,14184,8,2,0,1,0,31),(1573,4026,14184,25,9,7,5,5,31),(1574,415,14184,19,7,10,0,2,31),(1575,762,14184,0,2,0,0,0,31),(1576,2830,14184,10,1,0,0,0,31),(1577,1872,14184,13,4,0,0,1,31),(1578,2790,14184,0,0,0,0,0,31),(1579,3419,14184,6,2,1,0,3,31),(1580,3499,14184,0,0,0,0,0,31),(1581,4169,14184,8,4,1,0,1,31),(1582,4024,14184,0,0,1,0,0,31),(1583,283,14185,11,3,2,0,3,16),(1584,575,14185,22,12,1,0,1,16),(1585,216,14185,25,10,13,2,2,16),(1586,1877,14185,8,4,2,0,1,16),(1587,434,14185,23,2,2,0,1,16),(1588,40,14185,3,5,3,4,0,16),(1589,2823,14185,0,2,0,1,0,16),(1590,2115,14185,7,1,0,0,0,16),(1591,152,14185,6,4,2,0,0,16),(1592,1888,14185,14,5,2,1,0,16),(1593,153,14185,18,5,4,2,1,28),(1594,4162,14185,16,4,0,0,1,28),(1595,398,14185,11,3,2,0,0,28),(1596,285,14185,7,3,11,0,0,28),(1597,64,14185,40,5,8,0,3,28),(1598,851,14185,21,7,1,1,1,28),(1599,426,14185,8,6,0,1,2,28),(1600,4163,14185,2,1,0,0,0,28),(1601,845,14185,0,0,0,0,0,28),(1602,926,14185,2,5,3,0,4,28),(1603,941,14186,14,7,3,0,1,5),(1604,2639,14186,1,3,1,2,0,5),(1605,2566,14186,31,2,4,0,1,5),(1606,123,14186,8,2,0,0,1,5),(1607,2593,14186,3,1,1,0,0,5),(1608,1901,14186,6,7,3,1,1,5),(1609,3431,14186,7,7,1,0,0,5),(1610,4095,14186,9,6,1,0,0,5),(1611,1879,14186,7,3,1,1,1,5),(1612,2831,14186,23,4,5,1,0,5),(1613,882,14186,32,11,3,1,3,2),(1614,819,14186,5,4,1,2,1,2),(1615,242,14186,14,5,1,0,1,2),(1616,897,14186,17,2,5,1,1,2),(1617,75,14186,25,6,5,1,1,2),(1618,2812,14186,6,5,2,0,0,2),(1619,2844,14186,12,6,1,0,0,2),(1620,2635,14186,7,2,3,0,5,2),(1621,3429,14186,0,0,0,0,0,2),(1622,2851,14186,0,0,0,0,0,2),(1623,3943,14186,6,0,0,0,0,2),(1624,2392,14187,5,3,2,0,0,7),(1625,2835,14187,14,12,3,1,1,7),(1626,727,14187,2,11,1,1,1,7),(1627,1860,14187,25,3,4,1,1,7),(1628,840,14187,22,3,1,0,0,7),(1629,391,14187,7,3,2,0,0,7),(1630,2630,14187,9,1,0,0,1,7),(1631,515,14187,4,0,0,0,0,7),(1632,317,14187,13,3,7,0,0,7),(1633,1870,14187,9,6,2,0,2,7),(1634,2623,14187,6,2,1,0,0,7),(1635,4101,14187,4,2,2,1,0,7),(1636,2858,14187,17,8,6,0,1,26),(1637,1037,14187,14,5,0,0,2,26),(1638,89,14187,7,1,1,0,1,26),(1639,2852,14187,28,8,7,1,3,26),(1640,4010,14187,7,2,6,0,0,26),(1641,801,14187,5,4,0,1,2,26),(1642,4155,14187,17,5,2,0,0,26),(1643,287,14187,3,1,2,1,0,26),(1644,2563,14187,2,1,2,0,0,26),(1645,220,14187,0,1,0,0,1,26),(1646,3449,14187,0,0,0,0,0,26),(1647,4011,14187,9,3,0,1,0,26),(1648,222,14188,13,8,3,3,1,10),(1649,215,14188,8,1,3,0,0,10),(1650,3433,14188,5,7,2,1,0,10),(1651,2801,14188,22,6,6,1,0,10),(1652,3451,14188,10,5,2,0,0,10),(1653,3438,14188,12,4,0,0,0,10),(1654,2638,14188,5,2,1,2,1,10),(1655,4111,14188,9,2,1,0,1,10),(1656,2648,14188,2,2,2,2,1,10),(1657,46,14188,8,0,1,0,1,10),(1658,3970,14188,2,0,1,0,1,10),(1659,3474,14188,2,1,1,0,0,10),(1660,4112,14188,0,0,0,0,0,10),(1661,940,14188,15,7,3,1,3,24),(1662,732,14188,21,4,6,0,2,24),(1663,519,14188,21,11,7,1,2,24),(1664,946,14188,36,1,5,0,2,24),(1665,791,14188,13,9,4,0,2,24),(1666,4007,14188,2,1,1,0,0,24),(1667,2849,14188,0,6,0,1,0,24),(1668,4148,14188,0,0,0,0,0,24),(1669,417,14188,4,1,3,0,0,24),(1670,2832,14188,10,3,2,0,4,24),(1671,4149,14188,4,1,0,0,1,24),(1672,4147,14188,2,1,0,0,0,24),(1673,385,14189,2,3,0,0,0,1),(1674,4090,14189,3,1,0,0,0,1),(1675,2819,14189,14,5,9,0,2,1),(1676,92,14189,15,10,1,0,0,1),(1677,1046,14189,25,5,12,0,0,1),(1678,2629,14189,11,4,1,1,1,1),(1679,3483,14189,8,8,2,1,2,1),(1680,2327,14189,23,1,2,1,2,1),(1681,3259,14189,14,3,3,1,1,1),(1682,463,14189,15,14,6,0,0,30),(1683,136,14189,27,8,2,1,3,30),(1684,3475,14189,14,10,3,1,0,30),(1685,776,14189,31,7,3,0,4,30),(1686,980,14189,10,2,4,0,1,30),(1687,331,14189,5,5,2,1,1,30),(1688,302,14189,0,0,0,0,0,30),(1689,842,14189,9,4,6,0,0,30),(1690,4020,14189,0,0,0,0,0,30),(1691,3436,14189,12,1,2,1,0,30),(1692,175,14190,9,5,0,1,2,4),(1693,1871,14190,14,6,5,0,1,4),(1694,472,14190,9,7,7,0,3,4),(1695,481,14190,8,8,11,2,0,4),(1696,2855,14190,32,0,4,0,1,4),(1697,3946,14190,7,1,3,0,1,4),(1698,2864,14190,10,3,0,0,1,4),(1699,3944,14190,7,4,1,2,0,4),(1700,1854,14190,12,9,2,0,1,4),(1701,2820,14190,12,3,1,1,1,4),(1702,2664,14190,6,6,1,0,1,6),(1703,534,14190,28,11,3,1,1,6),(1704,1900,14190,21,4,4,0,0,6),(1705,308,14190,21,1,2,0,1,6),(1706,2808,14190,11,6,8,0,2,6),(1707,2644,14190,5,5,0,1,0,6),(1708,3494,14190,5,2,1,1,0,6),(1709,3954,14190,2,2,1,0,0,6),(1710,1867,14190,3,0,1,0,0,6),(1711,3955,14190,0,0,0,0,0,6),(1712,2802,14190,10,7,3,0,0,6),(1713,1902,14192,34,6,10,0,2,23),(1714,260,14192,26,6,7,2,1,23),(1715,4145,14192,4,10,0,1,0,23),(1716,2941,14192,12,6,7,0,2,23),(1717,4002,14192,23,4,1,0,0,23),(1718,3424,14192,0,0,0,0,0,23),(1719,2846,14192,2,3,0,0,0,23),(1720,886,14192,3,5,1,0,0,23),(1721,2792,14192,14,2,2,0,2,23),(1722,2404,14192,7,4,0,1,1,23),(1723,479,14192,16,5,6,1,1,15),(1724,2626,14192,12,1,1,0,0,15),(1725,522,14192,12,4,2,1,0,15),(1726,2595,14192,11,2,11,0,0,15),(1727,3466,14192,19,6,3,0,0,15),(1728,2658,14192,7,5,0,0,0,15),(1729,3981,14192,5,2,1,0,1,15),(1730,2817,14192,6,8,1,1,0,15),(1731,348,14192,10,3,9,0,1,15),(1732,3979,14192,20,3,1,0,0,15),(1733,441,14193,23,6,7,0,0,22),(1734,2621,14193,10,0,1,2,1,22),(1735,192,14193,17,14,3,2,1,22),(1736,114,14193,9,0,5,0,1,22),(1737,2584,14193,29,4,4,1,1,22),(1738,2146,14193,16,3,2,3,0,22),(1739,258,14193,0,1,1,0,0,22),(1740,962,14193,7,8,6,0,1,22),(1741,1845,14193,8,2,5,1,3,22),(1742,195,14193,31,11,2,0,1,9),(1743,1014,14193,26,6,4,0,2,9),(1744,279,14193,26,9,13,1,3,9),(1745,383,14193,6,2,3,0,1,9),(1746,3420,14193,14,7,2,0,0,9),(1747,468,14193,0,2,0,0,0,9),(1748,3967,14193,2,1,0,0,0,9),(1749,3498,14193,2,1,0,0,1,9),(1750,544,14193,5,6,5,1,2,9),(1751,3966,14193,4,1,1,0,1,9),(1752,4015,14194,13,3,2,0,2,29),(1753,200,14194,17,3,2,1,0,29),(1754,2564,14194,11,3,4,0,1,29),(1755,930,14194,14,5,2,0,2,29),(1756,1023,14194,9,4,6,1,0,29),(1757,3496,14194,2,3,3,0,1,29),(1758,4017,14194,9,3,0,0,1,29),(1759,4018,14194,3,0,0,0,0,29),(1760,4164,14194,3,7,0,1,0,29),(1761,2788,14194,11,0,3,1,0,29),(1762,3408,14194,8,3,5,0,0,29),(1763,4069,14194,14,2,0,1,1,29),(1764,3448,14194,6,1,3,5,1,25),(1765,3504,14194,22,5,4,0,4,25),(1766,972,14194,30,7,6,0,1,25),(1767,2604,14194,12,5,2,0,2,25),(1768,2040,14194,8,5,2,2,4,25),(1769,4152,14194,7,4,2,0,0,25),(1770,4215,14194,1,1,1,0,0,25),(1771,3432,14194,11,3,2,1,0,25),(1772,631,14194,6,3,2,0,0,25),(1773,2863,14194,13,8,2,0,1,25),(1774,4009,14194,13,1,3,1,1,25),(1775,4153,14194,8,2,2,0,0,25),(1776,1901,14195,5,3,2,0,0,5),(1777,3950,14195,16,4,6,1,2,5),(1778,941,14195,6,8,5,0,2,5),(1779,2566,14195,36,4,6,0,3,5),(1780,2593,14195,12,0,0,0,2,5),(1781,190,14195,2,4,0,0,0,5),(1782,3431,14195,1,4,1,0,0,5),(1783,4095,14195,0,1,0,0,0,5),(1784,1879,14195,11,4,1,0,1,5),(1785,2831,14195,10,1,3,0,0,5),(1786,4042,14195,4,1,0,0,0,5),(1787,882,14195,29,7,3,0,0,2),(1788,248,14195,0,6,5,0,1,2),(1789,819,14195,19,4,3,2,1,2),(1790,242,14195,13,5,6,0,0,2),(1791,897,14195,18,8,2,2,1,2),(1792,2656,14195,0,1,0,0,0,2),(1793,2812,14195,8,7,1,0,0,2),(1794,2844,14195,4,3,1,0,0,2),(1795,2635,14195,22,3,2,0,0,2),(1796,3943,14195,0,0,0,0,1,2),(1797,2242,14196,9,3,3,1,1,27),(1798,147,14196,4,9,2,0,1,27),(1799,327,14196,10,3,1,0,2,27),(1800,2619,14196,23,2,6,0,3,27),(1801,407,14196,14,4,0,1,2,27),(1802,904,14196,9,3,0,0,1,27),(1803,2617,14196,4,3,1,3,0,27),(1804,4156,14196,2,1,0,0,0,27),(1805,264,14196,3,0,3,0,0,27),(1806,196,14196,10,1,2,0,0,27),(1807,2878,14196,0,0,0,0,0,27),(1808,4159,14196,19,4,1,0,1,27),(1809,4049,14196,0,0,3,0,0,27),(1810,2786,14196,10,13,4,1,1,19),(1811,4133,14196,15,5,2,0,0,19),(1812,4130,14196,10,10,1,1,1,19),(1813,1881,14196,18,6,12,0,2,19),(1814,1853,14196,4,1,0,1,1,19),(1815,3460,14196,8,2,2,0,0,19),(1816,2814,14196,20,5,1,1,0,19),(1817,3987,14196,0,0,0,0,0,19),(1818,3477,14196,12,4,13,0,1,19),(1819,4131,14196,0,0,0,0,0,19),(1820,428,14197,13,9,2,1,2,38),(1821,2834,14197,4,4,7,0,5,38),(1822,1846,14197,31,9,6,0,1,38),(1823,3411,14197,22,5,2,1,2,38),(1824,4027,14197,22,5,2,0,2,38),(1825,745,14197,24,5,1,0,0,38),(1826,4172,14197,9,1,3,0,0,38),(1827,4175,14197,6,6,1,1,1,38),(1828,4176,14197,0,0,6,0,0,38),(1829,463,14197,17,20,10,0,1,30),(1830,136,14197,33,3,4,0,3,30),(1831,351,14197,4,1,0,0,0,30),(1832,3475,14197,16,10,2,1,1,30),(1833,776,14197,24,6,1,0,5,30),(1834,331,14197,5,4,0,0,0,30),(1835,997,14197,0,0,0,0,2,30),(1836,842,14197,21,4,4,0,2,30),(1837,3436,14197,8,1,0,2,2,30),(1838,3489,14198,21,7,0,0,1,14),(1839,749,14198,7,5,2,0,1,14),(1840,2847,14198,14,10,4,1,0,14),(1841,527,14198,11,3,5,1,1,14),(1842,2810,14198,7,1,3,1,1,14),(1843,207,14198,0,0,1,0,0,14),(1844,3435,14198,27,9,1,3,4,14),(1845,3977,14198,18,11,4,0,1,14),(1846,3978,14198,4,2,1,0,0,14),(1847,1485,14198,3,1,1,0,0,14),(1848,979,14198,6,0,4,0,1,14),(1849,4117,14198,3,0,1,0,0,14),(1850,204,14198,14,11,3,0,0,11),(1851,3973,14198,6,3,3,0,0,11),(1852,548,14198,15,3,2,0,1,11),(1853,2836,14198,9,0,2,0,0,11),(1854,3975,14198,12,5,6,1,0,11),(1855,2827,14198,23,6,1,0,0,11),(1856,322,14198,7,7,2,1,1,11),(1857,3404,14198,2,1,3,0,0,11),(1858,18,14198,9,3,2,1,1,11),(1859,236,14198,27,7,2,1,1,11),(1860,593,14198,3,1,0,0,1,11),(1861,437,14199,16,6,0,0,1,21),(1862,20,14199,34,16,9,0,1,21),(1863,323,14199,6,6,2,2,0,21),(1864,319,14199,41,4,9,1,0,21),(1865,1058,14199,3,1,1,0,1,21),(1866,431,14199,10,8,0,0,0,21),(1867,115,14199,0,2,2,0,0,21),(1868,564,14199,0,1,0,0,0,21),(1869,4047,14199,3,1,1,0,0,21),(1870,2392,14199,8,4,2,0,1,7),(1871,2835,14199,14,7,5,0,0,7),(1872,727,14199,15,12,1,0,1,7),(1873,1860,14199,11,3,10,0,0,7),(1874,840,14199,30,3,4,0,0,7),(1875,391,14199,3,4,2,1,0,7),(1876,2630,14199,13,8,1,0,1,7),(1877,1870,14199,3,2,3,0,0,7),(1878,2623,14199,17,1,1,1,0,7),(1879,4043,14199,0,1,2,0,0,7),(1880,3425,14200,7,6,3,1,0,31),(1881,3490,14200,19,10,4,1,1,31),(1882,36,14200,14,3,3,0,1,31),(1883,4026,14200,17,6,3,2,1,31),(1884,415,14200,15,4,13,0,0,31),(1885,762,14200,7,1,5,1,1,31),(1886,2830,14200,0,1,0,0,0,31),(1887,1872,14200,25,8,0,0,2,31),(1888,2790,14200,0,0,0,0,0,31),(1889,3419,14200,6,2,1,0,0,31),(1890,3499,14200,0,0,0,0,0,31),(1891,4169,14200,3,3,0,0,0,31),(1892,4024,14200,0,0,0,0,0,31),(1893,441,14200,21,5,2,0,1,22),(1894,2621,14200,7,3,1,1,1,22),(1895,192,14200,10,3,1,0,0,22),(1896,114,14200,5,3,3,0,3,22),(1897,2584,14200,21,5,2,0,2,22),(1898,3470,14200,4,2,0,0,0,22),(1899,2807,14200,0,1,0,0,0,22),(1900,2146,14200,11,4,2,0,0,22),(1901,962,14200,14,2,2,0,0,22),(1902,1845,14200,6,3,6,1,0,22),(1903,770,14200,4,1,0,0,0,22),(1904,4144,14200,0,0,0,0,0,22),(1905,4142,14200,0,0,2,0,0,22),(1906,4184,14201,17,6,3,4,0,41),(1907,4183,14201,6,8,1,3,1,41),(1908,1887,14201,21,0,3,2,2,41),(1909,4036,14201,22,8,2,0,0,41),(1910,4182,14201,4,4,8,0,4,41),(1911,2590,14201,0,0,1,0,0,41),(1912,931,14201,0,1,0,0,0,41),(1913,246,14201,0,0,0,0,0,41),(1914,3413,14201,6,0,0,0,1,41),(1915,2825,14201,4,3,1,0,1,41),(1916,525,14201,4,7,1,1,1,41),(1917,2796,14201,5,0,2,0,1,41),(1918,3428,14201,9,7,1,0,1,41),(1919,3453,14201,3,6,1,0,3,20),(1920,86,14201,18,8,4,0,0,20),(1921,724,14201,32,14,2,1,1,20),(1922,1866,14201,15,6,1,0,0,20),(1923,458,14201,12,3,4,0,0,20),(1924,1815,14201,0,1,0,0,0,20),(1925,753,14201,4,9,0,2,0,20),(1926,4138,14201,2,2,0,0,0,20),(1927,84,14201,15,3,3,0,1,20),(1928,3360,14201,2,1,0,0,0,20),(1929,4085,14201,8,10,1,0,0,20),(1930,4135,14201,7,1,2,0,1,20),(1931,195,14202,12,6,5,0,0,9),(1932,1014,14202,20,5,2,0,0,9),(1933,279,14202,27,16,9,0,1,9),(1934,544,14202,5,3,7,0,5,9),(1935,3420,14202,17,2,3,0,2,9),(1936,2627,14202,6,0,1,1,0,9),(1937,3967,14202,7,4,4,0,0,9),(1938,3498,14202,8,4,1,0,3,9),(1939,4108,14202,0,1,0,0,1,9),(1940,286,14202,6,9,1,0,0,9),(1941,3965,14202,0,0,0,0,0,9),(1942,3966,14202,19,2,0,0,2,9),(1943,4105,14202,2,0,0,0,0,9),(1944,4179,14202,2,6,0,0,0,40),(1945,4181,14202,4,1,0,0,0,40),(1946,3457,14202,18,14,0,5,0,40),(1947,1021,14202,10,1,4,0,1,40),(1948,4029,14202,16,2,8,0,0,40),(1949,761,14202,15,5,5,1,1,40),(1950,966,14202,5,6,1,2,1,40),(1951,4034,14202,10,0,1,0,1,40),(1952,365,14202,0,1,2,0,0,40),(1953,1006,14202,6,1,2,0,1,40),(1954,3454,14202,17,2,1,0,2,40),(1955,153,14203,21,9,2,0,0,28),(1956,398,14203,3,15,0,0,0,28),(1957,285,14203,15,5,6,0,1,28),(1958,45,14203,15,7,4,1,1,28),(1959,64,14203,28,9,9,0,0,28),(1960,851,14203,3,7,3,1,1,28),(1961,4162,14203,0,2,2,0,1,28),(1962,426,14203,0,6,2,2,0,28),(1963,845,14203,0,1,1,1,0,28),(1964,926,14203,18,2,0,3,0,28),(1965,4015,14203,7,10,1,0,2,29),(1966,200,14203,20,7,2,1,1,29),(1967,2564,14203,13,6,2,2,2,29),(1968,930,14203,10,13,2,0,0,29),(1969,1023,14203,20,8,6,0,2,29),(1970,4017,14203,3,4,1,0,1,29),(1971,4164,14203,3,4,0,1,0,29),(1972,2788,14203,12,1,2,1,2,29),(1973,3408,14203,7,2,1,0,0,29),(1974,4069,14203,2,1,0,0,0,29),(1975,283,14204,2,3,0,0,0,16),(1976,575,14204,9,12,0,1,1,16),(1977,216,14204,12,13,7,3,3,16),(1978,1877,14204,11,6,2,0,1,16),(1979,434,14204,24,2,2,0,2,16),(1980,40,14204,4,2,2,1,0,16),(1981,2823,14204,4,2,1,1,0,16),(1982,2816,14204,3,0,0,1,0,16),(1983,2115,14204,4,1,0,0,2,16),(1984,152,14204,11,4,4,0,1,16),(1985,3984,14204,1,0,0,0,0,16),(1986,1888,14204,7,4,4,0,0,16),(1987,3983,14204,0,1,1,0,0,16),(1988,3448,14204,10,14,4,1,1,25),(1989,3504,14204,15,7,4,0,2,25),(1990,972,14204,25,3,9,1,0,25),(1991,2863,14204,12,5,2,0,3,25),(1992,2040,14204,16,4,3,0,0,25),(1993,4152,14204,0,0,1,0,0,25),(1994,4215,14204,0,0,0,0,0,25),(1995,3432,14204,3,0,0,0,2,25),(1996,631,14204,5,2,0,0,2,25),(1997,2604,14204,12,2,1,0,1,25),(1998,4009,14204,7,4,1,1,0,25),(1999,4153,14204,0,0,0,0,0,25),(2000,175,14205,9,3,0,1,2,4),(2001,1871,14205,26,1,3,1,1,4),(2002,472,14205,7,5,4,0,3,4),(2003,481,14205,4,6,6,0,1,4),(2004,2855,14205,17,2,2,0,0,4),(2005,3946,14205,8,3,2,0,0,4),(2006,2864,14205,4,2,0,0,0,4),(2007,3944,14205,4,2,1,0,0,4),(2008,1854,14205,8,1,5,0,1,4),(2009,1001,14205,0,0,0,0,0,4),(2010,3465,14205,0,1,0,0,0,4),(2011,2820,14205,5,1,0,1,1,4),(2012,222,14205,18,5,6,0,0,10),(2013,215,14205,14,0,2,0,0,10),(2014,3433,14205,13,17,4,3,1,10),(2015,2801,14205,19,6,5,0,0,10),(2016,3451,14205,15,5,5,1,1,10),(2017,3438,14205,7,8,1,0,0,10),(2018,4111,14205,0,0,1,0,0,10),(2019,2648,14205,2,5,0,2,0,10),(2020,46,14205,18,1,1,0,2,10),(2021,3970,14205,0,0,0,0,0,10),(2022,3474,14205,0,0,0,0,0,10),(2023,260,14206,32,7,2,1,1,23),(2024,4145,14206,4,6,3,1,1,23),(2025,2941,14206,9,3,7,0,1,23),(2026,2404,14206,3,2,1,0,1,23),(2027,4002,14206,19,3,3,1,0,23),(2028,3424,14206,14,3,0,0,0,23),(2029,2846,14206,6,7,2,0,1,23),(2030,886,14206,7,3,0,0,1,23),(2031,4003,14206,0,3,0,0,0,23),(2032,2792,14206,14,5,4,0,0,23),(2033,1882,14206,0,0,0,0,0,23),(2034,4146,14206,3,1,0,0,0,23),(2035,4090,14206,11,5,1,0,3,1),(2036,2819,14206,29,9,8,2,2,1),(2037,92,14206,8,4,0,1,0,1),(2038,1046,14206,23,4,12,0,1,1),(2039,3406,14206,16,5,3,0,1,1),(2040,385,14206,14,6,0,0,1,1),(2041,3483,14206,8,3,3,0,0,1),(2042,3415,14206,0,0,0,0,0,1),(2043,2327,14206,11,3,1,0,0,1),(2044,3259,14206,6,2,1,0,2,1),(2045,1897,14207,7,4,2,0,1,8),(2046,1859,14207,18,8,0,0,1,8),(2047,261,14207,17,2,3,0,2,8),(2048,963,14207,32,9,7,0,0,8),(2049,514,14207,9,5,4,2,0,8),(2050,3960,14207,0,2,0,0,0,8),(2051,2668,14207,4,5,5,0,2,8),(2052,433,14207,0,2,0,2,0,8),(2053,4044,14207,11,11,1,0,0,8),(2054,142,14207,0,0,2,1,0,8),(2055,2811,14207,5,3,0,0,2,8),(2056,3398,14207,2,1,1,0,0,8),(2057,3407,14207,3,1,0,0,0,8),(2058,4155,14207,7,5,2,1,0,26),(2059,2858,14207,13,6,6,0,2,26),(2060,950,14207,6,1,2,0,2,26),(2061,89,14207,7,3,1,0,0,26),(2062,2852,14207,10,4,2,2,1,26),(2063,801,14207,3,5,1,1,1,26),(2064,1037,14207,10,6,0,0,0,26),(2065,287,14207,0,2,0,0,0,26),(2066,2563,14207,9,3,3,0,1,26),(2067,220,14207,4,1,0,0,0,26),(2068,3449,14207,2,2,0,0,0,26),(2069,4010,14207,2,4,2,0,0,26),(2070,4011,14207,12,1,0,0,1,26),(2071,2835,14208,17,5,3,3,0,7),(2072,2630,14208,5,3,2,0,1,7),(2073,727,14208,14,15,6,1,2,7),(2074,1860,14208,39,2,8,0,0,7),(2075,840,14208,14,4,4,0,2,7),(2076,391,14208,9,4,2,0,1,7),(2077,1870,14208,6,0,1,0,2,7),(2078,2623,14208,12,5,2,0,2,7),(2079,4043,14208,0,0,0,0,0,7),(2080,4101,14208,0,1,0,0,0,7),(2081,437,14208,3,1,3,0,0,21),(2082,431,14208,21,18,1,3,0,21),(2083,323,14208,13,6,0,2,4,21),(2084,319,14208,36,2,7,0,0,21),(2085,1058,14208,4,2,1,0,0,21),(2086,115,14208,7,4,5,0,2,21),(2087,564,14208,0,0,0,0,0,21),(2088,3443,14208,21,6,1,0,0,21),(2089,4047,14208,7,7,2,1,0,21),(2090,3484,14208,2,3,1,0,0,21),(2091,4184,14209,10,11,2,3,0,41),(2092,4183,14209,20,6,4,0,1,41),(2093,1887,14209,24,1,3,4,3,41),(2094,4036,14209,9,4,2,0,0,41),(2095,4182,14209,16,8,7,0,0,41),(2096,2590,14209,0,0,0,0,0,41),(2097,2825,14209,4,5,1,1,0,41),(2098,525,14209,16,12,7,0,0,41),(2099,2796,14209,7,0,3,0,0,41),(2100,3428,14209,6,0,0,0,0,41),(2101,204,14209,18,8,5,1,0,11),(2102,3973,14209,12,6,3,1,0,11),(2103,548,14209,5,4,2,2,0,11),(2104,124,14209,24,3,6,0,0,11),(2105,593,14209,6,3,3,0,0,11),(2106,2827,14209,15,6,2,0,1,11),(2107,322,14209,4,10,2,0,0,11),(2108,3404,14209,3,3,1,0,0,11),(2109,18,14209,6,3,1,2,0,11),(2110,236,14209,20,5,2,1,2,11),(2111,2836,14209,10,1,1,0,1,11),(2112,3492,14209,0,0,0,0,0,11),(2113,3975,14209,2,4,1,0,1,11),(2114,222,14210,15,7,1,1,1,10),(2115,215,14210,19,0,1,0,0,10),(2116,3433,14210,11,14,1,1,1,10),(2117,2801,14210,17,11,11,0,0,10),(2118,3451,14210,26,4,4,1,1,10),(2119,3438,14210,0,2,1,0,1,10),(2120,4111,14210,12,4,0,0,2,10),(2121,2648,14210,8,9,2,2,0,10),(2122,46,14210,7,4,1,0,0,10),(2123,126,14210,37,9,4,0,0,17),(2124,1862,14210,8,4,1,1,0,17),(2125,265,14210,20,8,11,0,2,17),(2126,462,14210,11,3,8,0,1,17),(2127,2845,14210,17,4,4,0,2,17),(2128,1889,14210,0,5,0,0,1,17),(2129,1864,14210,5,3,0,0,1,17),(2130,1775,14210,0,0,0,0,1,17),(2131,3427,14210,0,1,0,0,0,17),(2132,4126,14210,5,0,0,0,0,17),(2133,4090,14211,15,3,2,0,0,1),(2134,2819,14211,20,11,4,0,1,1),(2135,92,14211,2,5,1,0,0,1),(2136,1046,14211,2,0,6,0,1,1),(2137,3406,14211,8,2,3,0,1,1),(2138,2629,14211,18,10,0,0,2,1),(2139,3483,14211,11,6,3,0,0,1),(2140,3939,14211,0,2,0,0,0,1),(2141,3415,14211,1,0,0,0,0,1),(2142,2327,14211,10,0,2,1,0,1),(2143,3259,14211,6,4,2,2,4,1),(2144,882,14211,28,6,9,0,2,2),(2145,248,14211,9,5,3,2,2,2),(2146,2844,14211,10,7,0,1,1,2),(2147,242,14211,16,3,2,1,0,2),(2148,897,14211,21,6,6,1,2,2),(2149,2656,14211,2,3,2,0,0,2),(2150,4092,14211,0,3,0,0,0,2),(2151,2812,14211,10,2,1,0,1,2),(2152,819,14211,2,7,0,1,1,2),(2153,2635,14211,18,3,4,0,1,2),(2154,3429,14211,3,0,0,0,1,2),(2155,2851,14211,2,1,0,0,2,2),(2156,3943,14211,2,4,0,1,2,2),(2157,175,14212,17,6,3,0,1,4),(2158,1871,14212,20,3,2,0,0,4),(2159,1854,14212,10,8,3,1,2,4),(2160,472,14212,20,2,6,0,1,4),(2161,2855,14212,13,2,6,0,1,4),(2162,3946,14212,13,6,4,0,0,4),(2163,2864,14212,2,2,1,0,2,4),(2164,1001,14212,5,4,0,0,0,4),(2165,2820,14212,6,4,3,0,0,4),(2166,2786,14212,9,6,5,0,0,19),(2167,4133,14212,6,5,3,1,0,19),(2168,4130,14212,25,12,1,4,0,19),(2169,1881,14212,25,5,9,0,0,19),(2170,1853,14212,2,0,1,0,2,19),(2171,3460,14212,6,5,6,0,2,19),(2172,2814,14212,2,2,0,1,0,19),(2173,3477,14212,14,4,3,0,0,19),(2174,3453,14213,4,1,0,0,0,20),(2175,86,14213,27,2,6,0,2,20),(2176,724,14213,16,8,5,4,3,20),(2177,1866,14213,27,6,3,1,0,20),(2178,458,14213,10,5,4,0,0,20),(2179,1018,14213,9,3,3,0,0,20),(2180,1815,14213,0,2,0,1,0,20),(2181,753,14213,2,5,0,0,0,20),(2182,84,14213,2,0,0,0,1,20),(2183,4135,14213,13,2,2,0,1,20),(2184,463,14213,16,16,7,0,0,30),(2185,136,14213,26,3,6,2,0,30),(2186,3475,14213,14,6,1,1,0,30),(2187,776,14213,28,6,5,0,0,30),(2188,3436,14213,7,3,2,0,3,30),(2189,331,14213,5,1,0,0,0,30),(2190,313,14213,0,1,1,1,1,30),(2191,997,14213,3,2,1,0,1,30),(2192,842,14213,12,1,0,0,0,30),(2193,2664,14214,13,2,2,1,0,6),(2194,534,14214,23,10,6,3,1,6),(2195,1900,14214,28,4,6,0,2,6),(2196,2802,14214,25,5,5,1,0,6),(2197,2808,14214,15,2,7,0,1,6),(2198,2644,14214,8,3,1,1,1,6),(2199,3494,14214,4,2,4,1,0,6),(2200,4098,14214,0,1,0,0,0,6),(2201,3954,14214,0,1,1,0,2,6),(2202,1867,14214,10,6,4,0,0,6),(2203,4179,14214,7,5,2,0,0,40),(2204,4181,14214,11,5,4,0,1,40),(2205,3457,14214,12,16,2,3,0,40),(2206,1021,14214,24,2,5,1,1,40),(2207,4029,14214,33,1,9,1,1,40),(2208,761,14214,28,13,5,1,0,40),(2209,966,14214,4,4,1,0,0,40),(2210,4034,14214,2,1,0,0,0,40),(2211,365,14214,6,1,5,0,0,40),(2212,3454,14214,8,1,2,0,0,40),(2213,3489,14215,7,6,1,0,0,14),(2214,749,14215,13,3,0,0,0,14),(2215,2847,14215,25,14,5,4,0,14),(2216,527,14215,19,2,5,1,2,14),(2217,2810,14215,15,4,3,0,1,14),(2218,3435,14215,7,5,1,1,0,14),(2219,3977,14215,12,9,3,0,1,14),(2220,4,14215,4,5,3,0,0,14),(2221,4117,14215,7,2,0,0,0,14),(2222,940,14215,15,3,0,0,1,24),(2223,732,14215,21,6,2,2,1,24),(2224,519,14215,17,19,0,1,0,24),(2225,946,14215,29,3,8,0,1,24),(2226,791,14215,12,4,7,0,1,24),(2227,2849,14215,0,4,1,0,0,24),(2228,2832,14215,0,0,2,1,2,24),(2229,4149,14215,3,0,0,0,0,24),(2230,441,14216,13,4,4,0,2,22),(2231,2621,14216,9,3,0,2,0,22),(2232,192,14216,8,8,4,1,0,22),(2233,114,14216,11,5,4,1,0,22),(2234,2584,14216,21,5,1,0,1,22),(2235,3470,14216,1,1,0,1,0,22),(2236,2807,14216,2,3,0,0,0,22),(2237,2146,14216,25,9,2,1,1,22),(2238,962,14216,14,5,3,2,2,22),(2239,1845,14216,6,2,3,0,0,22),(2240,770,14216,0,0,0,0,1,22),(2241,4144,14216,0,0,0,0,0,22),(2242,4142,14216,4,0,2,0,0,22),(2243,190,14216,5,4,0,0,1,5),(2244,3950,14216,10,2,1,1,0,5),(2245,941,14216,10,6,4,0,0,5),(2246,2566,14216,19,2,2,0,1,5),(2247,2593,14216,8,0,0,0,0,5),(2248,1901,14216,5,3,1,0,2,5),(2249,3431,14216,2,5,0,0,0,5),(2250,4095,14216,5,2,1,0,1,5),(2251,1879,14216,6,3,1,0,2,5),(2252,2831,14216,10,4,6,0,1,5),(2253,123,14216,4,2,0,0,0,5),(2254,3481,14216,4,2,2,0,1,5),(2255,4042,14216,3,0,0,0,1,5),(2256,4096,14216,2,3,1,0,0,5),(2257,3448,14217,14,9,1,2,0,25),(2258,3504,14217,23,4,1,1,3,25),(2259,972,14217,21,6,9,0,1,25),(2260,2040,14217,6,3,1,0,2,25),(2261,4009,14217,4,4,1,1,0,25),(2262,4152,14217,3,1,0,0,0,25),(2263,4215,14217,0,1,0,0,0,25),(2264,3432,14217,0,4,2,0,2,25),(2265,631,14217,3,0,5,0,1,25),(2266,2604,14217,13,4,1,0,0,25),(2267,2863,14217,11,5,1,0,3,25),(2268,4153,14217,4,1,1,0,0,25),(2269,4155,14217,9,3,2,0,0,26),(2270,2858,14217,22,4,2,0,2,26),(2271,1848,14217,11,9,4,1,1,26),(2272,89,14217,6,5,2,1,4,26),(2273,2852,14217,19,6,6,1,0,26),(2274,801,14217,4,1,0,0,0,26),(2275,1037,14217,9,7,1,1,2,26),(2276,287,14217,3,0,0,0,0,26),(2277,2563,14217,0,2,1,0,1,26),(2278,3449,14217,0,1,0,0,0,26),(2279,4010,14217,3,3,2,0,2,26),(2280,4011,14217,0,0,0,1,0,26),(2491,2846,14218,12,5,1,0,1,23),(2492,260,14218,27,5,7,0,1,23),(2493,4145,14218,4,7,3,0,0,23),(2494,2941,14218,18,1,6,0,0,23),(2495,2792,14218,20,3,4,1,2,23),(2496,3424,14218,2,5,0,1,0,23),(2497,886,14218,4,4,1,1,0,23),(2498,4003,14218,2,1,1,0,0,23),(2499,2404,14218,0,1,0,0,0,23),(2500,1882,14218,11,2,1,0,1,23),(2501,4146,14218,0,0,0,0,0,23),(2502,4015,14218,16,5,4,1,1,29),(2503,200,14218,16,3,4,1,2,29),(2504,2564,14218,7,6,3,0,0,29),(2505,930,14218,19,13,0,0,1,29),(2506,1023,14218,24,1,4,0,1,29),(2507,3496,14218,0,1,0,0,0,29),(2508,4017,14218,1,1,0,0,0,29),(2509,4164,14218,4,3,0,3,0,29),(2510,2788,14218,20,1,1,0,2,29),(2511,3408,14218,5,2,5,0,2,29),(2512,4069,14218,6,2,0,0,1,29),(2513,1897,14219,8,11,0,3,0,8),(2514,1859,14219,8,4,0,0,0,8),(2515,261,14219,27,5,4,0,0,8),(2516,963,14219,34,7,15,0,2,8),(2517,514,14219,16,2,3,0,0,8),(2518,2668,14219,20,5,6,0,1,8),(2519,433,14219,0,0,0,0,0,8),(2520,142,14219,14,3,1,0,0,8),(2521,2811,14219,0,1,0,0,1,8),(2522,479,14219,23,6,4,0,0,15),(2523,522,14219,30,11,0,1,1,15),(2524,3476,14219,11,3,3,0,0,15),(2525,2595,14219,25,4,12,1,2,15),(2526,3466,14219,16,7,3,0,1,15),(2527,2658,14219,11,6,2,0,0,15),(2528,3981,14219,3,5,2,0,0,15),(2529,348,14219,12,3,2,1,1,15),(2530,3979,14219,3,1,2,0,0,15),(2531,195,14220,3,0,1,0,0,9),(2532,1014,14220,19,9,3,1,1,9),(2533,279,14220,28,14,13,2,1,9),(2534,544,14220,21,6,6,1,1,9),(2535,3420,14220,17,4,0,0,1,9),(2536,2627,14220,2,1,1,1,0,9),(2537,3967,14220,0,1,0,1,1,9),(2538,3498,14220,16,3,1,2,2,9),(2539,286,14220,2,4,1,1,0,9),(2540,3966,14220,13,2,3,1,2,9),(2541,428,14220,24,11,3,0,3,38),(2542,2834,14220,13,1,8,0,1,38),(2543,1846,14220,16,6,10,0,1,38),(2544,3411,14220,16,5,4,0,2,38),(2545,4027,14220,26,2,5,2,3,38),(2546,745,14220,2,4,1,1,1,38),(2547,1858,14220,2,0,1,0,0,38),(2548,4172,14220,5,2,0,0,0,38),(2549,4175,14220,4,6,2,0,0,38),(2550,4176,14220,8,2,3,0,1,38),(2551,153,14221,35,4,6,1,0,28),(2552,398,14221,15,15,2,1,2,28),(2553,285,14221,4,2,5,0,0,28),(2554,45,14221,17,5,3,0,2,28),(2555,64,14221,13,3,6,1,1,28),(2556,851,14221,15,5,0,1,1,28),(2557,4162,14221,0,4,1,0,0,28),(2558,426,14221,5,3,1,0,0,28),(2559,926,14221,14,2,0,0,0,28),(2560,189,14221,15,5,4,0,1,27),(2561,2242,14221,5,10,5,0,1,27),(2562,147,14221,8,5,0,0,3,27),(2563,2619,14221,32,3,2,1,1,27),(2564,407,14221,11,4,1,0,2,27),(2565,904,14221,19,7,6,1,0,27),(2566,2617,14221,0,0,0,0,0,27),(2567,327,14221,13,2,7,1,1,27),(2568,196,14221,10,1,1,1,1,27),(2569,4159,14221,3,1,1,0,0,27),(2570,283,14222,10,2,2,1,0,16),(2571,575,14222,17,13,4,0,0,16),(2572,216,14222,17,8,4,3,1,16),(2573,1877,14222,5,2,1,0,0,16),(2574,434,14222,23,1,3,0,3,16),(2575,40,14222,3,1,2,0,0,16),(2576,2823,14222,0,0,0,1,0,16),(2577,2115,14222,21,6,1,0,1,16),(2578,152,14222,11,3,1,2,0,16),(2579,1888,14222,6,8,7,0,1,16),(2580,3425,14222,21,5,2,0,0,31),(2581,3490,14222,4,3,1,0,1,31),(2582,36,14222,4,6,3,0,0,31),(2583,4026,14222,24,13,3,9,3,31),(2584,415,14222,14,6,10,0,2,31),(2585,762,14222,4,3,1,0,2,31),(2586,2830,14222,5,0,0,0,0,31),(2587,1872,14222,10,5,1,0,0,31),(2588,3419,14222,7,0,0,0,1,31),(2589,4169,14222,11,4,1,1,0,31),(2590,190,14223,7,4,0,2,0,5),(2591,3950,14223,19,6,4,0,0,5),(2592,941,14223,27,7,2,0,0,5),(2593,2566,14223,25,6,8,0,2,5),(2594,2593,14223,0,2,1,0,0,5),(2595,1901,14223,12,7,2,1,2,5),(2596,3431,14223,4,5,0,0,0,5),(2597,4095,14223,3,1,0,0,0,5),(2598,1879,14223,7,4,3,1,0,5),(2599,2831,14223,4,3,2,0,1,5),(2600,123,14223,0,2,0,0,0,5),(2601,222,14223,14,7,3,1,1,10),(2602,215,14223,13,3,3,0,0,10),(2603,3433,14223,0,3,1,0,0,10),(2604,2801,14223,20,10,10,0,0,10),(2605,3451,14223,21,4,5,1,0,10),(2606,3438,14223,7,5,1,0,0,10),(2607,2638,14223,13,2,0,1,2,10),(2608,4111,14223,8,4,0,0,0,10),(2609,2648,14223,6,7,6,1,0,10),(2610,46,14223,5,1,5,0,2,10),(2611,479,14224,17,4,3,0,0,15),(2612,522,14224,17,10,2,2,1,15),(2613,3476,14224,5,2,5,0,1,15),(2614,2595,14224,17,3,4,0,1,15),(2615,3466,14224,20,11,1,0,1,15),(2616,2658,14224,4,0,1,0,0,15),(2617,3981,14224,17,6,0,1,2,15),(2618,348,14224,15,0,5,0,1,15),(2619,3979,14224,6,0,0,0,0,15),(2620,4155,14224,5,0,3,0,0,26),(2621,2858,14224,28,8,6,0,0,26),(2622,1848,14224,10,12,2,3,1,26),(2623,89,14224,13,5,2,0,1,26),(2624,2852,14224,15,5,6,1,1,26),(2625,801,14224,9,6,0,1,0,26),(2626,1037,14224,14,1,1,0,1,26),(2627,220,14224,5,1,0,0,0,26),(2628,4010,14224,12,0,6,0,2,26),(2629,4011,14224,0,0,0,0,0,26),(2630,4090,14225,33,7,3,2,3,1),(2631,2819,14225,23,15,7,1,0,1),(2632,92,14225,18,6,1,0,0,1),(2633,1046,14225,23,6,10,0,2,1),(2634,3406,14225,6,5,2,1,4,1),(2635,2629,14225,2,4,5,0,1,1),(2636,3483,14225,0,2,1,0,0,1),(2637,2327,14225,9,3,2,0,1,1),(2638,3259,14225,7,0,0,0,1,1),(2639,940,14225,10,2,5,0,1,24),(2640,732,14225,15,6,3,0,1,24),(2641,519,14225,34,16,1,3,1,24),(2642,946,14225,21,3,4,0,0,24),(2643,791,14225,14,8,8,1,1,24),(2644,2849,14225,0,2,0,0,1,24),(2645,2832,14225,16,4,7,1,0,24),(2646,4149,14225,6,0,1,0,0,24),(2647,882,14226,32,4,2,1,1,2),(2648,248,14226,10,7,3,0,2,2),(2649,2844,14226,14,8,0,2,0,2),(2650,242,14226,6,9,8,0,0,2),(2651,897,14226,26,6,3,0,2,2),(2652,2812,14226,6,5,1,0,0,2),(2653,819,14226,2,3,2,0,0,2),(2654,2635,14226,16,3,3,0,0,2),(2655,3943,14226,0,2,0,0,0,2),(2656,204,14226,9,6,4,0,0,11),(2657,3973,14226,8,2,1,0,0,11),(2658,548,14226,16,2,0,0,0,11),(2659,124,14226,27,7,9,1,4,11),(2660,2836,14226,9,6,0,0,1,11),(2661,2827,14226,10,4,1,0,0,11),(2662,322,14226,6,10,0,0,0,11),(2663,3404,14226,0,2,1,0,0,11),(2664,18,14226,11,5,4,1,0,11),(2665,236,14226,16,6,1,1,0,11),(2666,593,14226,6,3,1,2,1,11),(2667,3489,14227,12,4,0,0,0,14),(2668,749,14227,10,2,0,0,1,14),(2669,2847,14227,16,5,4,2,1,14),(2670,527,14227,21,7,10,0,2,14),(2671,2810,14227,21,5,4,1,0,14),(2672,207,14227,5,1,0,0,1,14),(2673,3435,14227,12,4,1,1,1,14),(2674,3977,14227,8,6,4,1,2,14),(2675,3978,14227,4,1,1,0,1,14),(2676,2650,14227,2,1,1,0,0,14),(2677,1485,14227,11,6,0,0,1,14),(2678,1060,14227,0,0,0,0,0,14),(2679,979,14227,0,1,0,0,0,14),(2680,4117,14227,5,2,3,0,0,14),(2681,3425,14227,13,3,2,0,0,31),(2682,36,14227,2,1,1,0,0,31),(2683,4026,14227,15,6,0,3,1,31),(2684,415,14227,10,2,4,0,0,31),(2685,4169,14227,5,2,0,0,3,31),(2686,762,14227,6,1,3,0,0,31),(2687,2830,14227,10,7,1,2,0,31),(2688,4170,14227,0,1,0,0,0,31),(2689,4171,14227,0,2,0,0,0,31),(2690,1872,14227,10,4,1,1,1,31),(2691,2790,14227,6,6,0,0,0,31),(2692,2804,14227,3,0,2,0,0,31),(2693,3419,14227,10,4,2,0,0,31),(2694,3499,14227,5,0,2,0,1,31),(2695,4024,14227,5,2,2,0,0,31),(2696,2786,14228,11,12,3,0,1,19),(2697,4133,14228,20,3,1,0,1,19),(2698,4130,14228,8,7,0,0,0,19),(2699,1881,14228,20,4,5,1,1,19),(2700,1853,14228,6,3,0,0,0,19),(2701,3460,14228,13,5,8,0,1,19),(2702,2814,14228,11,3,4,1,0,19),(2703,3987,14228,0,0,0,0,0,19),(2704,814,14228,6,1,2,0,0,19),(2705,3477,14228,14,6,4,1,1,19),(2706,4131,14228,2,0,0,0,0,19),(2707,265,14228,39,7,6,0,1,17),(2708,1864,14228,8,10,1,0,0,17),(2709,462,14228,12,1,3,0,2,17),(2710,2845,14228,19,3,5,0,3,17),(2711,4126,14228,3,4,2,0,1,17),(2712,1889,14228,15,6,2,0,2,17),(2713,1775,14228,6,1,1,0,0,17),(2714,3427,14228,8,3,3,0,1,17),(2715,4125,14228,2,0,0,0,0,17),(2716,1902,14229,29,8,4,1,1,23),(2717,260,14229,20,5,5,1,1,23),(2718,4145,14229,10,4,0,3,0,23),(2719,2941,14229,27,2,5,0,3,23),(2720,2792,14229,14,2,5,1,0,23),(2721,3424,14229,0,0,0,0,0,23),(2722,2846,14229,4,5,1,1,0,23),(2723,886,14229,0,0,0,0,0,23),(2724,2404,14229,11,3,0,0,3,23),(2725,4002,14229,7,4,1,1,0,23),(2726,2835,14229,15,9,3,3,0,7),(2727,2630,14229,7,4,3,0,0,7),(2728,727,14229,16,14,2,2,1,7),(2729,1860,14229,14,1,9,1,1,7),(2730,840,14229,29,4,3,1,1,7),(2731,391,14229,9,2,2,1,0,7),(2732,317,14229,16,6,6,0,1,7),(2733,1870,14229,11,3,5,0,2,7),(2734,2623,14229,9,2,0,0,0,7),(2735,4043,14229,5,1,0,2,0,7),(2736,2668,14230,8,2,2,0,2,8),(2737,1859,14230,17,7,1,3,0,8),(2738,261,14230,17,6,2,0,3,8),(2739,963,14230,27,7,13,0,4,8),(2740,514,14230,13,6,1,0,0,8),(2741,374,14230,0,2,2,0,0,8),(2742,3960,14230,6,1,0,0,0,8),(2743,433,14230,5,5,3,1,2,8),(2744,142,14230,3,3,4,0,0,8),(2745,2811,14230,7,6,2,0,0,8),(2746,3398,14230,2,2,1,0,0,8),(2747,3996,14230,3,0,0,0,0,8),(2748,3407,14230,11,0,2,0,0,8),(2749,2664,14230,8,6,1,0,0,6),(2750,534,14230,14,10,3,0,1,6),(2751,1900,14230,8,1,5,0,1,6),(2752,2802,14230,6,5,4,0,0,6),(2753,2808,14230,10,3,6,0,1,6),(2754,2644,14230,2,5,0,0,1,6),(2755,3494,14230,10,4,1,0,2,6),(2756,4098,14230,13,9,0,1,2,6),(2757,3954,14230,8,2,0,0,0,6),(2758,765,14230,0,0,0,0,0,6),(2759,1867,14230,8,2,4,1,0,6),(2760,949,14230,5,2,0,0,0,6),(2761,2803,14230,7,2,1,0,0,6),(2762,3498,14231,10,3,3,3,1,9),(2763,1014,14231,24,7,3,0,1,9),(2764,279,14231,23,20,16,2,2,9),(2765,544,14231,29,6,6,0,1,9),(2766,3420,14231,24,8,0,1,2,9),(2767,2627,14231,3,2,0,0,0,9),(2768,3967,14231,2,4,0,0,1,9),(2769,3966,14231,9,5,6,0,0,9),(2770,3448,14231,15,10,0,1,0,25),(2771,3504,14231,29,10,9,0,3,25),(2772,972,14231,28,2,6,1,1,25),(2773,2604,14231,11,5,3,0,1,25),(2774,2040,14231,11,6,3,2,3,25),(2775,3432,14231,6,4,0,0,0,25),(2776,631,14231,2,6,4,2,4,25),(2777,2863,14231,13,2,1,0,0,25),(2778,4009,14231,4,2,2,0,2,25),(2779,4153,14231,3,0,1,0,1,25),(2780,153,14232,32,8,3,1,1,28),(2781,398,14232,20,18,1,2,1,28),(2782,285,14232,5,1,8,0,0,28),(2783,45,14232,7,2,3,2,2,28),(2784,64,14232,22,4,9,0,0,28),(2785,851,14232,6,7,2,1,1,28),(2786,4162,14232,7,1,1,0,0,28),(2787,426,14232,4,3,2,0,0,28),(2788,926,14232,12,2,0,0,0,28),(2789,3453,14232,4,1,0,0,0,20),(2790,86,14232,15,7,3,0,1,20),(2791,724,14232,12,12,6,1,5,20),(2792,1866,14232,28,3,6,0,0,20),(2793,458,14232,7,7,5,0,1,20),(2794,1018,14232,9,1,0,1,0,20),(2795,1815,14232,19,7,0,0,2,20),(2796,4138,14232,7,3,0,1,2,20),(2797,84,14232,5,2,4,0,1,20),(2798,4135,14232,6,0,3,0,0,20),(2799,283,14233,14,4,2,0,0,16),(2800,575,14233,15,9,3,0,1,16),(2801,216,14233,18,4,6,1,3,16),(2802,1877,14233,7,2,2,0,1,16),(2803,434,14233,26,1,6,0,1,16),(2804,40,14233,7,2,0,0,3,16),(2805,2823,14233,2,0,0,0,0,16),(2806,2816,14233,2,1,0,0,1,16),(2807,2115,14233,11,3,0,0,0,16),(2808,152,14233,4,1,5,0,2,16),(2809,3984,14233,0,0,0,0,0,16),(2810,1888,14233,2,2,3,0,0,16),(2811,3983,14233,2,0,0,0,0,16),(2812,189,14233,18,7,2,1,3,27),(2813,2242,14233,14,2,2,0,1,27),(2814,147,14233,9,10,1,1,0,27),(2815,2619,14233,12,1,1,0,1,27),(2816,407,14233,18,2,3,0,1,27),(2817,904,14233,4,1,0,0,0,27),(2818,2617,14233,10,4,0,0,1,27),(2819,4156,14233,0,0,0,0,0,27),(2820,327,14233,0,2,4,0,1,27),(2821,264,14233,0,0,2,0,1,27),(2822,196,14233,1,1,2,0,0,27),(2823,4159,14233,5,1,2,0,1,27),(2824,4049,14233,7,1,0,0,0,27),(2825,463,14234,17,11,13,0,1,30),(2826,136,14234,27,2,3,0,1,30),(2827,3475,14234,22,12,3,1,0,30),(2828,776,14234,21,1,2,0,1,30),(2829,980,14234,11,4,2,0,0,30),(2830,331,14234,0,1,1,0,0,30),(2831,351,14234,0,1,0,0,0,30),(2832,313,14234,3,6,0,4,0,30),(2833,4168,14234,0,0,0,0,0,30),(2834,997,14234,0,1,0,0,0,30),(2835,842,14234,13,5,1,0,2,30),(2836,4020,14234,0,0,0,0,0,30),(2837,3436,14234,8,3,1,0,2,30),(2838,428,14234,10,8,4,0,2,38),(2839,2834,14234,20,3,6,0,1,38),(2840,1846,14234,23,3,3,0,2,38),(2841,3411,14234,12,2,2,0,1,38),(2842,4027,14234,7,4,2,0,0,38),(2843,745,14234,17,4,1,0,0,38),(2844,1858,14234,0,1,1,0,0,38),(2845,4172,14234,6,2,2,0,0,38),(2846,4175,14234,5,5,2,0,1,38),(2847,4176,14234,5,1,2,1,0,38),(2848,2664,14235,12,0,1,0,3,6),(2849,534,14235,25,5,2,1,0,6),(2850,1900,14235,24,0,8,0,0,6),(2851,2802,14235,13,3,2,0,1,6),(2852,2808,14235,9,6,13,0,0,6),(2853,2644,14235,9,6,0,0,1,6),(2854,3494,14235,6,4,1,1,0,6),(2855,4098,14235,2,3,0,2,2,6),(2856,3954,14235,6,1,0,0,1,6),(2857,1867,14235,13,5,2,0,0,6),(2858,949,14235,0,0,1,0,0,6),(2859,2803,14235,0,0,0,0,0,6),(2860,441,14235,22,10,3,0,1,22),(2861,2621,14235,19,2,0,1,0,22),(2862,192,14235,21,9,3,1,0,22),(2863,114,14235,14,2,11,0,0,22),(2864,2584,14235,33,8,6,1,0,22),(2865,3470,14235,0,1,0,0,0,22),(2866,2807,14235,0,1,0,0,0,22),(2867,2146,14235,4,2,1,0,1,22),(2868,962,14235,13,4,4,1,3,22),(2869,1845,14235,5,1,0,0,1,22),(2870,770,14235,0,0,0,0,0,22),(2871,4144,14235,4,0,0,0,1,22),(2872,4142,14235,0,0,1,0,0,22),(2873,437,14236,6,4,1,1,0,21),(2874,20,14236,31,16,2,1,1,21),(2875,323,14236,1,5,2,1,2,21),(2876,319,14236,34,4,7,0,4,21),(2877,4047,14236,7,3,4,0,4,21),(2878,431,14236,19,6,0,0,0,21),(2879,3405,14236,2,2,0,0,0,21),(2880,4141,14236,0,0,0,0,0,21),(2881,4005,14236,1,0,0,0,0,21),(2882,115,14236,3,0,1,0,0,21),(2883,1058,14236,2,0,0,0,0,21),(2884,3790,14236,3,0,0,0,0,21),(2885,3443,14236,12,0,2,0,1,21),(2886,3484,14236,2,1,1,0,1,21),(2887,830,14236,8,7,4,0,2,40),(2888,4181,14236,6,2,1,1,0,40),(2889,3457,14236,6,8,0,3,0,40),(2890,1021,14236,14,2,7,0,0,40),(2891,4029,14236,10,3,3,0,0,40),(2892,761,14236,11,3,1,0,0,40),(2893,966,14236,4,7,2,0,0,40),(2894,4179,14236,0,0,0,0,0,40),(2895,4034,14236,6,1,0,0,0,40),(2896,365,14236,5,1,2,0,2,40),(2897,109,14236,18,4,2,0,0,40),(2898,3454,14236,12,1,1,1,1,40),(2899,4178,14236,0,0,1,0,0,40),(2900,3425,14237,14,6,2,0,1,31),(2901,36,14237,11,7,2,0,0,31),(2902,4026,14237,12,8,2,3,4,31),(2903,415,14237,6,2,6,0,2,31),(2904,4169,14237,14,3,6,0,0,31),(2905,762,14237,14,2,3,0,0,31),(2906,2830,14237,3,3,0,1,0,31),(2907,1872,14237,17,11,3,0,0,31),(2908,2790,14237,0,0,0,0,0,31),(2909,3419,14237,17,1,3,0,0,31),(2910,3499,14237,10,1,8,0,2,31),(2911,4024,14237,0,1,0,0,0,31),(2912,4015,14237,4,9,1,0,1,29),(2913,200,14237,21,3,1,0,0,29),(2914,2564,14237,9,7,5,0,0,29),(2915,930,14237,21,10,0,1,2,29),(2916,1023,14237,19,0,7,0,1,29),(2917,3496,14237,3,0,0,0,0,29),(2918,4017,14237,0,0,0,0,0,29),(2919,4018,14237,0,0,0,0,0,29),(2920,4164,14237,0,4,2,1,1,29),(2921,2788,14237,4,3,3,0,1,29),(2922,3408,14237,11,3,3,0,1,29),(2923,4069,14237,0,0,0,0,0,29),(2924,190,14238,2,3,1,0,0,5),(2925,3950,14238,29,6,6,1,1,5),(2926,4095,14238,2,7,1,0,0,5),(2927,2566,14238,31,7,6,1,1,5),(2928,2593,14238,2,1,0,1,0,5),(2929,1901,14238,8,9,1,1,1,5),(2930,3431,14238,0,15,0,3,1,5),(2931,1879,14238,15,5,4,0,1,5),(2932,2831,14238,14,2,4,0,1,5),(2933,123,14238,0,0,0,0,0,5),(2934,3481,14238,0,1,0,0,0,5),(2935,4042,14238,0,0,0,0,0,5),(2936,479,14238,27,4,3,0,3,15),(2937,522,14238,12,10,1,2,1,15),(2938,2595,14238,6,7,9,1,1,15),(2939,3466,14238,22,6,2,0,2,15),(2940,3979,14238,2,3,3,0,1,15),(2941,274,14238,0,0,0,0,0,15),(2942,2658,14238,2,2,1,0,1,15),(2943,4118,14238,0,0,0,0,1,15),(2944,3981,14238,5,2,3,1,0,15),(2945,3452,14238,7,2,2,0,0,15),(2946,222,14239,22,6,2,3,0,10),(2947,215,14239,7,5,4,0,3,10),(2948,2648,14239,10,11,3,1,0,10),(2949,2801,14239,22,11,13,1,1,10),(2950,3451,14239,18,3,3,3,1,10),(2951,3438,14239,11,5,1,0,1,10),(2952,2638,14239,5,1,0,0,1,10),(2953,4111,14239,5,1,0,0,0,10),(2954,46,14239,22,2,1,0,0,10),(2955,4090,14239,7,5,3,1,0,1),(2956,2819,14239,20,9,1,1,0,1),(2957,92,14239,7,12,2,0,0,1),(2958,1046,14239,35,2,13,0,2,1),(2959,3406,14239,18,3,2,2,7,1),(2960,385,14239,13,1,2,0,1,1),(2961,2629,14239,8,5,3,1,0,1),(2962,3483,14239,3,5,3,0,1,1),(2963,2327,14239,8,2,1,0,1,1),(2964,3259,14239,2,0,0,1,0,1),(2965,4155,14240,7,3,1,0,0,26),(2966,2858,14240,27,5,6,0,2,26),(2967,1848,14240,11,9,3,2,1,26),(2968,89,14240,7,3,5,1,4,26),(2969,2852,14240,7,6,3,2,1,26),(2970,801,14240,10,2,0,0,0,26),(2971,1037,14240,17,4,2,0,0,26),(2972,287,14240,3,0,0,0,0,26),(2973,2563,14240,8,6,2,0,1,26),(2974,220,14240,7,1,2,1,0,26),(2975,3449,14240,0,1,0,1,0,26),(2976,4010,14240,11,3,4,1,0,26),(2977,4011,14240,0,0,0,0,0,26),(2978,2846,14240,12,4,0,0,3,23),(2979,260,14240,11,5,5,0,0,23),(2980,4145,14240,0,1,0,1,1,23),(2981,2941,14240,21,5,5,0,3,23),(2982,2792,14240,26,6,3,0,2,23),(2983,3424,14240,0,2,0,0,0,23),(2984,886,14240,2,1,2,0,0,23),(2985,4003,14240,0,3,0,0,0,23),(2986,2404,14240,3,1,1,0,0,23),(2987,1882,14240,10,0,1,0,0,23),(2988,4146,14240,3,3,1,0,1,23),(2989,2656,14241,0,0,0,0,0,2),(2990,882,14241,33,9,6,1,2,2),(2991,248,14241,13,10,0,1,1,2),(2992,242,14241,17,2,5,0,0,2),(2993,897,14241,14,3,6,3,0,2),(2994,2812,14241,8,4,3,0,3,2),(2995,2844,14241,3,10,2,3,0,2),(2996,2635,14241,20,1,0,0,1,2),(2997,3943,14241,0,0,1,1,0,2),(2998,175,14241,5,5,2,1,0,4),(2999,1871,14241,18,8,4,0,0,4),(3000,1854,14241,2,10,3,2,0,4),(3001,472,14241,20,3,3,0,4,4),(3002,2855,14241,31,3,1,0,1,4),(3003,3946,14241,8,2,1,0,0,4),(3004,2864,14241,9,12,1,0,0,4),(3005,481,14241,8,6,8,0,1,4),(3006,2820,14241,3,2,1,0,0,4),(3007,2835,14242,23,4,4,2,1,7),(3008,2630,14242,16,1,4,1,0,7),(3009,727,14242,13,12,3,1,0,7),(3010,1860,14242,27,3,6,0,3,7),(3011,840,14242,12,5,4,0,0,7),(3012,2392,14242,3,6,2,2,0,7),(3013,4102,14242,0,0,0,0,0,7),(3014,391,14242,7,2,1,0,0,7),(3015,515,14242,0,0,0,0,0,7),(3016,317,14242,8,7,4,1,3,7),(3017,1870,14242,20,1,3,0,0,7),(3018,2623,14242,5,2,1,0,0,7),(3019,4043,14242,2,0,1,0,0,7),(3020,204,14242,6,2,6,0,3,11),(3021,3973,14242,3,5,4,1,0,11),(3022,548,14242,11,1,2,0,1,11),(3023,124,14242,12,1,2,0,2,11),(3024,593,14242,8,2,1,1,0,11),(3025,2827,14242,21,5,5,1,2,11),(3026,322,14242,9,7,1,0,2,11),(3027,3404,14242,2,0,0,0,0,11),(3028,3485,14242,3,1,0,0,0,11),(3029,18,14242,4,3,2,1,0,11),(3030,236,14242,3,2,1,0,0,11),(3031,998,14242,10,2,3,0,0,11),(3032,2836,14242,11,2,1,0,0,11),(3033,3975,14242,14,7,4,0,4,11),(3034,940,14243,17,3,3,1,1,24),(3035,732,14243,14,6,5,2,3,24),(3036,519,14243,32,11,5,0,0,24),(3037,946,14243,15,2,9,0,1,24),(3038,791,14243,11,9,7,0,0,24),(3039,3195,14243,3,0,0,0,0,24),(3040,2849,14243,2,5,1,0,1,24),(3041,4148,14243,0,2,0,0,0,24),(3042,2832,14243,14,5,2,0,0,24),(3043,4149,14243,8,4,2,0,1,24),(3044,4147,14243,0,1,1,0,0,24),(3045,437,14243,3,5,2,0,0,21),(3046,20,14243,24,12,2,2,0,21),(3047,323,14243,7,3,1,0,0,21),(3048,319,14243,19,6,6,0,0,21),(3049,4047,14243,3,0,1,1,0,21),(3050,431,14243,4,5,1,0,0,21),(3051,3405,14243,4,2,1,0,0,21),(3052,4141,14243,10,2,0,2,0,21),(3053,4005,14243,2,3,0,0,0,21),(3054,115,14243,2,0,2,0,0,21),(3055,3790,14243,0,2,1,0,0,21),(3056,3443,14243,9,0,0,0,0,21),(3057,3484,14243,7,1,3,0,1,21),(3058,2668,14244,18,5,0,0,0,8),(3059,1859,14244,15,7,0,0,0,8),(3060,261,14244,29,7,6,0,3,8),(3061,963,14244,30,7,7,0,1,8),(3062,514,14244,12,4,2,0,0,8),(3063,3960,14244,0,1,0,0,0,8),(3064,433,14244,4,6,1,1,0,8),(3065,142,14244,3,0,2,0,1,8),(3066,2811,14244,2,2,0,0,0,8),(3067,3407,14244,0,0,0,0,0,8),(3068,153,14244,26,5,4,2,1,28),(3069,398,14244,15,10,0,0,2,28),(3070,285,14244,17,2,5,0,1,28),(3071,45,14244,15,4,3,0,0,28),(3072,64,14244,13,6,12,0,0,28),(3073,851,14244,18,5,2,0,0,28),(3074,1010,14244,6,0,0,0,0,28),(3075,426,14244,4,2,0,0,0,28),(3076,926,14244,0,3,0,0,2,28),(3077,1853,14245,6,4,0,0,2,19),(3078,2786,14245,12,5,4,0,1,19),(3079,4133,14245,11,0,1,1,1,19),(3080,3477,14245,11,10,11,0,1,19),(3081,3460,14245,9,5,5,0,1,19),(3082,2814,14245,12,4,0,4,1,19),(3083,3987,14245,0,1,0,0,0,19),(3084,4130,14245,14,8,2,2,1,19),(3085,2177,14245,0,2,2,2,1,19),(3086,814,14245,11,3,3,0,0,19),(3087,4131,14245,3,2,1,0,0,19),(3088,4184,14245,8,5,5,1,1,41),(3089,525,14245,16,5,0,3,2,41),(3090,1887,14245,10,2,1,0,0,41),(3091,4036,14245,10,3,3,2,2,41),(3092,4182,14245,10,10,8,0,4,41),(3093,2590,14245,5,1,0,0,1,41),(3094,246,14245,6,2,0,0,0,41),(3095,3413,14245,0,0,0,0,0,41),(3096,4183,14245,17,6,3,2,1,41),(3097,2825,14245,14,2,1,0,1,41),(3098,2796,14245,5,3,6,0,2,41),(3099,3428,14245,3,2,0,0,0,41),(3100,3448,14246,29,5,1,3,0,25),(3101,3504,14246,14,5,3,1,0,25),(3102,972,14246,29,5,4,1,1,25),(3103,2040,14246,3,0,1,0,0,25),(3104,4009,14246,4,5,1,1,1,25),(3105,4152,14246,2,2,0,1,1,25),(3106,4215,14246,1,0,0,0,0,25),(3107,3432,14246,0,2,0,0,1,25),(3108,631,14246,10,4,1,0,1,25),(3109,2604,14246,14,6,1,0,0,25),(3110,2863,14246,8,5,5,1,1,25),(3111,4153,14246,12,2,7,0,3,25),(3112,3489,14246,4,1,0,1,0,14),(3113,749,14246,17,4,1,0,0,14),(3114,2847,14246,11,9,6,0,1,14),(3115,527,14246,11,3,2,0,1,14),(3116,2810,14246,14,4,2,0,0,14),(3117,207,14246,3,0,0,0,0,14),(3118,3435,14246,12,6,0,1,3,14),(3119,3977,14246,14,7,1,1,0,14),(3120,2650,14246,6,5,0,0,1,14),(3121,4,14246,5,2,1,0,1,14),(3122,1485,14246,0,2,0,0,0,14),(3123,1060,14246,3,2,0,0,0,14),(3124,979,14246,3,1,2,0,0,14),(3125,4117,14246,4,2,4,0,0,14),(3126,126,14249,31,9,1,4,0,17),(3127,1862,14249,9,4,1,0,0,17),(3128,265,14249,21,12,13,3,0,17),(3129,1889,14249,3,5,2,1,1,17),(3130,2845,14249,20,6,7,1,0,17),(3131,3991,14249,0,0,0,0,0,17),(3132,1864,14249,8,2,0,4,0,17),(3133,462,14249,18,2,3,0,0,17),(3134,1775,14249,2,0,0,0,0,17),(3135,3427,14249,2,0,0,0,0,17),(3136,4125,14249,0,0,0,0,0,17),(3137,4126,14249,2,4,0,0,0,17),(3138,3990,14249,0,0,0,0,0,17),(3139,189,14249,9,4,8,0,1,27),(3140,2242,14249,13,3,5,0,0,27),(3141,147,14249,14,12,0,0,3,27),(3142,327,14249,5,3,6,1,0,27),(3143,407,14249,9,6,2,0,0,27),(3144,904,14249,14,5,0,1,1,27),(3145,2617,14249,11,2,0,1,0,27),(3146,4156,14249,3,1,0,1,0,27),(3147,264,14249,3,2,2,0,0,27),(3148,2878,14249,2,0,1,0,0,27),(3149,3480,14249,3,2,0,0,0,27),(3150,4159,14249,18,1,2,0,1,27),(3151,4049,14249,2,3,2,0,0,27),(3152,463,14250,23,12,6,0,1,30),(3153,136,14250,13,1,6,0,2,30),(3154,3475,14250,7,10,2,1,0,30),(3155,776,14250,31,3,0,0,1,30),(3156,980,14250,4,2,1,0,0,30),(3157,331,14250,0,2,0,0,0,30),(3158,313,14250,0,3,0,0,0,30),(3159,842,14250,17,1,3,2,2,30),(3160,3436,14250,3,1,1,0,0,30),(3161,283,14250,14,4,0,0,2,16),(3162,575,14250,13,15,5,2,0,16),(3163,216,14250,22,4,8,0,2,16),(3164,1877,14250,2,5,3,0,0,16),(3165,434,14250,31,12,2,0,1,16),(3166,40,14250,0,4,0,0,0,16),(3167,2115,14250,14,1,1,0,1,16),(3168,152,14250,0,3,1,0,0,16),(3169,1888,14250,11,0,0,0,1,16),(3170,3425,14251,5,6,2,1,0,31),(3171,36,14251,10,2,2,0,0,31),(3172,4026,14251,24,16,0,7,0,31),(3173,415,14251,3,2,9,0,1,31),(3174,4169,14251,23,2,3,0,2,31),(3175,762,14251,5,3,4,0,1,31),(3176,2830,14251,0,1,0,0,1,31),(3177,1872,14251,14,4,5,2,2,31),(3178,3499,14251,5,0,2,0,1,31),(3179,830,14251,20,6,4,0,2,40),(3180,4181,14251,0,1,1,1,1,40),(3181,3457,14251,7,5,0,1,0,40),(3182,1021,14251,23,4,2,0,2,40),(3183,4178,14251,7,6,4,1,1,40),(3184,761,14251,15,10,2,0,3,40),(3185,4179,14251,8,5,6,0,1,40),(3186,365,14251,5,1,0,0,0,40),(3187,109,14251,16,3,4,0,3,40),(3188,3454,14251,10,4,0,1,0,40),(3189,441,14247,22,6,4,1,0,22),(3190,2621,14247,5,3,2,0,2,22),(3191,192,14247,8,15,2,3,0,22),(3192,114,14247,2,1,2,0,1,22),(3193,2584,14247,37,6,5,1,1,22),(3194,3470,14247,2,0,0,1,0,22),(3195,2807,14247,6,0,0,0,0,22),(3196,2146,14247,15,4,1,0,1,22),(3197,962,14247,14,3,7,0,1,22),(3198,1845,14247,9,6,3,0,2,22),(3199,770,14247,0,2,2,0,0,22),(3200,4144,14247,0,0,2,1,1,22),(3201,4142,14247,7,3,2,0,0,22),(3202,4015,14247,3,5,0,1,2,29),(3203,200,14247,12,1,0,2,0,29),(3204,2564,14247,9,5,1,0,1,29),(3205,930,14247,4,6,0,0,1,29),(3206,1023,14247,14,1,2,0,1,29),(3207,3496,14247,0,2,0,0,0,29),(3208,4017,14247,4,2,1,0,1,29),(3209,4164,14247,6,3,0,2,0,29),(3210,2788,14247,12,2,2,1,2,29),(3211,3408,14247,16,4,3,0,1,29),(3212,4069,14247,3,1,0,0,0,29),(3213,3498,14248,16,5,1,1,1,9),(3214,1014,14248,21,5,4,1,2,9),(3215,279,14248,30,11,14,0,2,9),(3216,383,14248,28,4,6,0,0,9),(3217,3420,14248,21,6,2,1,0,9),(3218,2627,14248,0,1,0,0,0,9),(3219,3967,14248,7,2,0,0,0,9),(3220,544,14248,6,4,10,1,0,9),(3221,3966,14248,6,1,0,1,0,9),(3222,3453,14248,11,4,2,0,3,20),(3223,86,14248,2,1,2,0,0,20),(3224,724,14248,20,9,4,0,2,20),(3225,1866,14248,24,7,11,0,0,20),(3226,458,14248,15,3,4,0,1,20),(3227,1018,14248,20,3,3,0,1,20),(3228,1815,14248,15,0,2,0,0,20),(3229,753,14248,0,2,0,1,0,20),(3230,4138,14248,0,0,0,0,0,20),(3231,4135,14248,5,2,2,0,0,20),(3295,4090,14252,17,2,0,2,0,1),(3296,2819,14252,20,6,5,1,1,1),(3297,92,14252,20,9,1,1,0,1),(3298,1046,14252,14,3,16,0,0,1),(3299,3406,14252,16,8,3,0,6,1),(3300,385,14252,6,2,2,0,0,1),(3301,2629,14252,8,7,1,0,0,1),(3302,3483,14252,0,0,1,0,0,1),(3303,2327,14252,8,1,0,0,1,1),(3304,3259,14252,4,1,2,1,0,1),(3305,2664,14252,10,7,3,2,2,6),(3306,534,14252,18,12,1,0,2,6),(3307,1900,14252,18,4,5,0,3,6),(3308,308,14252,18,2,7,0,1,6),(3309,2808,14252,13,6,7,0,2,6),(3310,2644,14252,10,5,2,1,0,6),(3311,3494,14252,9,4,1,1,0,6),(3312,4098,14252,0,1,0,0,0,6),(3313,3954,14252,10,4,0,1,2,6),(3314,949,14252,0,0,0,0,0,6),(3315,2802,14252,19,2,4,1,0,6),(3316,2835,14253,23,16,1,1,4,7),(3317,2630,14253,3,1,1,0,0,7),(3318,727,14253,4,3,0,1,1,7),(3319,1860,14253,20,1,6,0,1,7),(3320,840,14253,22,1,1,0,1,7),(3321,2392,14253,3,4,1,0,1,7),(3322,391,14253,8,2,1,1,0,7),(3323,317,14253,12,2,6,2,1,7),(3324,1870,14253,4,1,5,0,2,7),(3325,2623,14253,6,2,2,0,1,7),(3326,175,14253,10,4,0,0,0,4),(3327,1871,14253,23,5,1,0,0,4),(3328,1854,14253,10,10,4,1,0,4),(3329,472,14253,22,2,5,0,0,4),(3330,2855,14253,22,2,6,0,0,4),(3331,3946,14253,2,3,1,0,0,4),(3332,2864,14253,0,3,0,0,1,4),(3333,3944,14253,2,3,1,1,2,4),(3334,1001,14253,3,0,1,0,1,4),(3335,2820,14253,6,4,2,0,0,4),(3336,283,14254,4,1,0,1,0,16),(3337,575,14254,14,12,1,3,2,16),(3338,216,14254,24,12,7,0,1,16),(3339,1877,14254,4,5,0,1,0,16),(3340,434,14254,24,3,3,1,1,16),(3341,40,14254,7,3,2,2,0,16),(3342,2823,14254,0,1,0,0,0,16),(3343,2115,14254,6,1,0,0,0,16),(3344,152,14254,7,3,0,0,1,16),(3345,1888,14254,15,6,5,0,1,16),(3346,428,14254,5,12,3,3,0,38),(3347,1846,14254,13,6,3,1,2,38),(3348,2636,14254,21,3,4,0,1,38),(3349,3411,14254,21,7,3,0,2,38),(3350,4027,14254,15,0,2,0,1,38),(3351,745,14254,14,6,0,0,1,38),(3352,1858,14254,4,2,3,1,0,38),(3353,4172,14254,3,2,1,0,0,38),(3354,4175,14254,0,2,3,0,1,38),(3355,2834,14254,7,4,4,0,0,38),(3356,4176,14254,0,0,0,0,0,38),(3357,222,14255,9,8,1,2,3,10),(3358,215,14255,10,4,2,0,1,10),(3359,2648,14255,16,8,1,2,1,10),(3360,2801,14255,26,8,9,1,0,10),(3361,3451,14255,8,7,2,0,0,10),(3362,3438,14255,5,4,2,0,0,10),(3363,2638,14255,6,4,1,1,0,10),(3364,4111,14255,4,1,0,0,0,10),(3365,46,14255,15,2,3,0,1,10),(3366,3489,14255,6,7,0,1,1,14),(3367,749,14255,14,2,1,0,1,14),(3368,2847,14255,27,10,2,1,0,14),(3369,527,14255,7,7,7,1,3,14),(3370,2810,14255,15,5,3,1,2,14),(3371,3435,14255,18,9,1,1,1,14),(3372,3977,14255,8,5,3,0,1,14),(3373,1485,14255,3,5,0,0,0,14),(3374,4117,14255,3,3,2,0,1,14),(3375,437,14256,9,9,3,0,2,21),(3376,20,14256,43,13,5,2,0,21),(3377,323,14256,6,1,3,3,0,21),(3378,319,14256,14,4,6,0,3,21),(3379,4047,14256,1,3,2,0,0,21),(3380,431,14256,15,7,0,0,1,21),(3381,115,14256,7,0,2,0,0,21),(3382,3443,14256,12,3,0,0,3,21),(3383,3484,14256,0,1,0,3,0,21),(3384,882,14256,31,12,6,0,0,2),(3385,248,14256,9,7,4,1,0,2),(3386,242,14256,15,2,3,0,2,2),(3387,897,14256,15,6,6,1,1,2),(3388,75,14256,14,5,4,0,0,2),(3389,2656,14256,0,0,0,0,0,2),(3390,2812,14256,3,1,1,0,1,2),(3391,819,14256,0,1,0,0,0,2),(3392,2844,14256,8,7,0,0,1,2),(3393,2635,14256,18,1,3,0,0,2),(3394,479,14257,14,8,3,0,0,15),(3395,522,14257,26,6,1,2,1,15),(3396,2595,14257,35,2,14,0,2,15),(3397,3466,14257,38,8,2,1,0,15),(3398,3979,14257,3,1,1,0,0,15),(3399,4118,14257,0,1,2,0,0,15),(3400,3981,14257,6,4,0,1,2,15),(3401,348,14257,6,0,3,0,1,15),(3402,3452,14257,4,1,1,0,0,15),(3403,940,14257,8,7,4,1,0,24),(3404,732,14257,25,4,2,0,2,24),(3405,519,14257,30,9,0,1,0,24),(3406,946,14257,33,6,10,0,0,24),(3407,791,14257,16,10,6,1,1,24),(3408,2849,14257,2,2,0,0,0,24),(3409,2832,14257,7,1,1,0,2,24),(3410,4149,14257,0,0,0,0,0,24),(3411,4155,14258,11,4,2,0,2,26),(3412,2858,14258,23,4,7,0,1,26),(3413,1848,14258,10,12,3,1,0,26),(3414,89,14258,8,5,3,1,0,26),(3415,2852,14258,5,3,2,0,0,26),(3416,801,14258,5,3,0,0,1,26),(3417,1037,14258,16,6,2,0,1,26),(3418,287,14258,0,2,2,1,1,26),(3419,2563,14258,16,2,0,0,0,26),(3420,220,14258,6,1,0,0,0,26),(3421,3449,14258,0,0,0,0,0,26),(3422,4010,14258,12,2,4,2,0,26),(3423,4011,14258,9,0,0,0,0,26),(3424,4184,14258,11,3,4,2,1,41),(3425,4183,14258,15,7,1,0,1,41),(3426,1887,14258,24,4,1,0,0,41),(3427,4036,14258,20,6,6,3,1,41),(3428,4182,14258,4,2,3,0,0,41),(3429,2590,14258,1,3,1,0,0,41),(3430,931,14258,2,1,0,0,0,41),(3431,3413,14258,1,3,0,0,1,41),(3432,2825,14258,2,4,2,0,0,41),(3433,525,14258,8,3,1,1,0,41),(3434,2796,14258,4,1,1,1,0,41),(3435,3428,14258,2,0,0,0,0,41),(3436,189,14259,15,3,9,0,2,27),(3437,2242,14259,5,5,3,0,4,27),(3438,147,14259,13,10,0,0,0,27),(3439,327,14259,8,4,5,1,1,27),(3440,407,14259,8,5,3,0,0,27),(3441,904,14259,20,8,0,0,0,27),(3442,196,14259,0,0,2,0,0,27),(3443,2878,14259,11,2,0,0,1,27),(3444,4159,14259,27,3,2,0,0,27),(3445,190,14259,3,6,0,1,0,5),(3446,3950,14259,22,7,2,1,2,5),(3447,4095,14259,2,9,2,0,0,5),(3448,2566,14259,38,4,8,0,2,5),(3449,2593,14259,2,2,2,0,1,5),(3450,1901,14259,17,4,2,3,2,5),(3451,3431,14259,4,11,1,0,0,5),(3452,1879,14259,7,6,5,0,2,5),(3453,2831,14259,5,0,0,0,0,5),(3454,123,14259,5,1,0,0,1,5),(3455,441,14260,17,6,6,0,1,22),(3456,2621,14260,9,6,1,1,1,22),(3457,192,14260,7,13,1,2,1,22),(3458,114,14260,4,5,3,0,3,22),(3459,2584,14260,22,5,6,0,2,22),(3460,2146,14260,15,3,2,0,0,22),(3461,962,14260,8,6,2,1,4,22),(3462,1845,14260,12,3,1,1,1,22),(3463,326,14260,6,6,2,0,2,20),(3464,1815,14260,7,2,0,1,5,20),(3465,724,14260,9,7,7,3,1,20),(3466,1866,14260,26,6,3,0,0,20),(3467,458,14260,11,4,1,1,3,20),(3468,1018,14260,8,2,2,0,0,20),(3469,3453,14260,15,7,1,0,1,20),(3470,4138,14260,4,0,0,3,0,20),(3471,4085,14260,7,5,1,1,1,20),(3472,4135,14260,0,0,1,0,1,20),(3473,3448,14261,0,4,0,0,0,25),(3474,3504,14261,20,3,4,4,1,25),(3475,972,14261,24,5,4,1,0,25),(3476,2863,14261,9,2,3,0,0,25),(3477,2040,14261,16,6,3,1,1,25),(3478,4152,14261,4,6,2,0,0,25),(3479,3432,14261,2,4,2,0,0,25),(3480,631,14261,3,3,4,0,1,25),(3481,2604,14261,10,4,2,0,0,25),(3482,4009,14261,16,2,0,0,0,25),(3483,4153,14261,12,2,1,0,1,25),(3484,204,14261,8,4,11,0,0,11),(3485,3973,14261,2,2,0,0,0,11),(3486,548,14261,18,8,5,1,3,11),(3487,124,14261,36,5,7,1,1,11),(3488,998,14261,19,10,2,0,3,11),(3489,2827,14261,20,5,1,1,0,11),(3490,18,14261,6,5,5,0,1,11),(3491,236,14261,8,5,2,0,0,11),(3492,593,14261,7,1,1,0,0,11),(3493,2836,14261,3,0,0,0,0,11),(3494,3975,14261,0,1,1,0,0,11),(3495,3498,14262,16,5,1,1,0,9),(3496,1014,14262,17,7,4,2,1,9),(3497,279,14262,37,18,15,0,3,9),(3498,383,14262,18,2,6,0,0,9),(3499,3420,14262,14,6,2,0,0,9),(3500,2627,14262,2,2,1,0,0,9),(3501,544,14262,6,4,5,0,1,9),(3502,3966,14262,12,1,1,2,1,9),(3503,2668,14262,11,8,0,1,1,8),(3504,1859,14262,16,7,3,2,2,8),(3505,261,14262,43,5,5,1,1,8),(3506,963,14262,24,9,9,1,1,8),(3507,514,14262,10,5,4,0,0,8),(3508,3960,14262,2,1,0,0,0,8),(3509,433,14262,7,5,1,0,1,8),(3510,142,14262,5,0,4,0,0,8),(3511,3407,14262,2,2,3,0,1,8),(3512,4162,14263,8,2,0,1,1,28),(3513,398,14263,0,7,0,0,1,28),(3514,285,14263,22,2,4,0,2,28),(3515,45,14263,28,8,2,1,1,28),(3516,64,14263,23,1,12,0,2,28),(3517,851,14263,8,9,2,1,1,28),(3518,1010,14263,9,5,0,0,2,28),(3519,426,14263,6,11,6,0,1,28),(3520,4163,14263,5,2,1,0,0,28),(3521,926,14263,9,1,3,0,0,28),(3522,463,14263,20,12,5,0,0,30),(3523,136,14263,34,3,3,0,1,30),(3524,3475,14263,14,14,1,0,0,30),(3525,776,14263,21,11,8,0,0,30),(3526,980,14263,17,7,4,1,3,30),(3527,331,14263,8,6,0,1,0,30),(3528,351,14263,3,0,0,0,1,30),(3529,997,14263,0,0,0,0,0,30),(3530,842,14263,4,3,2,0,1,30),(3531,3436,14263,6,1,0,1,1,30),(3532,4015,14264,9,4,0,0,1,29),(3533,200,14264,20,1,1,0,1,29),(3534,930,14264,6,8,1,0,1,29),(3535,1023,14264,4,1,1,0,0,29),(3536,3496,14264,2,3,0,0,1,29),(3537,4017,14264,2,3,1,0,1,29),(3538,2564,14264,0,2,4,1,0,29),(3539,4018,14264,2,1,0,0,0,29),(3540,4164,14264,13,3,0,1,1,29),(3541,2788,14264,13,3,2,0,2,29),(3542,3408,14264,5,1,8,0,1,29),(3543,4069,14264,2,5,0,0,0,29),(3544,1853,14264,9,6,1,0,1,19),(3545,2786,14264,16,6,6,0,2,19),(3546,4133,14264,16,3,1,0,0,19),(3547,3477,14264,17,4,2,1,0,19),(3548,3460,14264,18,4,2,3,3,19),(3549,2814,14264,12,2,0,6,0,19),(3550,3987,14264,4,4,0,0,0,19),(3551,4130,14264,12,6,2,1,4,19),(3552,2177,14264,4,6,1,1,0,19),(3553,814,14264,3,3,11,1,2,19),(3554,4131,14264,3,0,4,0,0,19),(3555,126,14265,22,4,3,2,1,17),(3556,1862,14265,4,5,0,1,2,17),(3557,265,14265,19,10,16,0,1,17),(3558,1889,14265,11,2,1,0,1,17),(3559,2845,14265,27,1,6,0,1,17),(3560,3991,14265,0,0,0,0,0,17),(3561,1864,14265,12,6,1,1,0,17),(3562,462,14265,15,2,1,0,1,17),(3563,1775,14265,5,1,0,0,1,17),(3564,3427,14265,3,1,0,0,1,17),(3565,4125,14265,0,0,0,0,0,17),(3566,4126,14265,5,1,2,0,0,17),(3567,428,14265,14,10,4,0,1,38),(3568,1846,14265,18,7,4,0,0,38),(3569,2636,14265,12,1,4,0,0,38),(3570,3411,14265,16,6,1,1,0,38),(3571,4027,14265,14,1,3,0,0,38),(3572,745,14265,18,5,3,0,1,38),(3573,1858,14265,4,0,0,1,0,38),(3574,4172,14265,0,3,1,0,0,38),(3575,4175,14265,3,3,0,0,0,38),(3576,2834,14265,2,4,5,0,0,38),(3577,4176,14265,2,0,1,0,0,38),(3578,479,14291,14,5,2,0,0,15),(3579,522,14291,9,5,2,1,1,15),(3580,2595,14291,18,2,8,0,1,15),(3581,3466,14291,8,4,1,0,0,15),(3582,3979,14291,8,4,4,0,2,15),(3583,2658,14291,21,3,0,0,0,15),(3584,4118,14291,2,2,1,0,0,15),(3585,3981,14291,11,7,4,1,2,15),(3586,348,14291,14,3,4,0,1,15),(3587,3452,14291,6,2,1,1,1,15),(3588,326,14291,15,7,2,0,4,20),(3589,1815,14291,14,1,1,0,1,20),(3590,724,14291,30,11,7,0,5,20),(3591,1866,14291,20,3,5,0,0,20),(3592,458,14291,10,2,2,1,1,20),(3593,1018,14291,8,1,2,0,1,20),(3594,3453,14291,11,6,1,0,1,20),(3595,4138,14291,0,1,0,0,0,20),(3596,4085,14291,10,3,5,0,2,20),(3597,4155,14292,6,3,0,0,1,26),(3598,2858,14292,31,11,6,1,2,26),(3599,1848,14292,2,4,1,2,1,26),(3600,89,14292,8,1,1,0,2,26),(3601,2852,14292,19,7,3,1,1,26),(3602,801,14292,11,9,0,1,1,26),(3603,1037,14292,14,4,2,0,1,26),(3604,287,14292,0,0,1,0,0,26),(3605,2563,14292,0,0,0,0,0,26),(3606,220,14292,0,1,0,0,1,26),(3607,3449,14292,0,1,0,0,0,26),(3608,4010,14292,4,1,1,0,1,26),(3609,4011,14292,3,1,0,1,0,26),(3610,189,14292,13,4,5,0,4,27),(3611,2242,14292,3,5,1,0,0,27),(3612,327,14292,4,0,3,0,3,27),(3613,4159,14292,29,1,4,0,0,27),(3614,904,14292,4,2,1,1,0,27),(3615,2617,14292,3,0,0,0,0,27),(3616,147,14292,2,5,0,0,0,27),(3617,4156,14292,0,1,0,0,0,27),(3618,196,14292,2,2,1,1,1,27),(3619,407,14292,5,4,0,0,1,27),(3620,2878,14292,1,1,1,0,0,27),(3621,4049,14292,0,1,1,0,0,27),(3622,428,14293,25,18,3,3,1,38),(3623,2834,14293,5,6,5,0,3,38),(3624,1846,14293,22,6,7,1,0,38),(3625,3411,14293,9,3,1,0,2,38),(3626,4027,14293,16,5,0,0,0,38),(3627,745,14293,2,7,1,2,0,38),(3628,1858,14293,3,2,1,0,0,38),(3629,4172,14293,9,1,0,0,0,38),(3630,4175,14293,0,4,2,0,1,38),(3631,507,14293,0,0,0,0,0,38),(3632,4176,14293,4,1,1,0,0,38),(3633,222,14293,11,11,3,0,0,10),(3634,3433,14293,12,8,1,1,0,10),(3635,2801,14293,15,6,10,0,1,10),(3636,3451,14293,14,2,5,2,1,10),(3637,46,14293,20,3,0,0,1,10),(3638,4111,14293,10,8,0,1,3,10),(3639,2648,14293,3,7,1,2,0,10),(3640,3970,14293,6,5,2,1,1,10),(3641,3474,14293,8,6,2,1,1,10),(3642,4090,14294,11,2,2,0,0,1),(3643,2819,14294,18,13,7,4,0,1),(3644,92,14294,10,13,1,0,0,1),(3645,1046,14294,18,2,9,0,0,1),(3646,3406,14294,25,4,3,2,6,1),(3647,385,14294,0,2,1,0,1,1),(3648,2629,14294,13,13,0,2,2,1),(3649,1868,14294,22,3,1,0,0,1),(3650,2327,14294,12,0,2,1,0,1),(3651,3259,14294,0,3,2,1,1,1),(3652,4184,14294,20,7,2,3,4,41),(3653,820,14294,24,9,1,1,0,41),(3654,1887,14294,22,5,5,0,2,41),(3655,4036,14294,9,9,5,0,2,41),(3656,4182,14294,7,5,9,0,1,41),(3657,4183,14294,13,5,4,0,0,41),(3658,2825,14294,16,5,2,0,1,41),(3659,525,14294,6,5,0,0,0,41),(3660,3428,14294,0,2,0,1,1,41),(3661,391,14295,14,8,0,0,1,7),(3662,2630,14295,4,1,3,1,2,7),(3663,727,14295,24,10,3,2,3,7),(3664,1860,14295,29,3,9,0,1,7),(3665,840,14295,37,7,4,2,1,7),(3666,2392,14295,5,3,1,1,3,7),(3667,515,14295,2,0,0,0,0,7),(3668,317,14295,22,3,8,0,0,7),(3669,1870,14295,7,4,4,0,0,7),(3670,4043,14295,0,1,1,0,0,7),(3671,2664,14295,17,3,9,1,1,6),(3672,534,14295,25,8,2,0,0,6),(3673,1900,14295,29,1,3,0,2,6),(3674,308,14295,8,4,9,1,0,6),(3675,2808,14295,5,3,1,0,1,6),(3676,2644,14295,6,3,1,0,0,6),(3677,3462,14295,0,0,0,0,0,6),(3678,3494,14295,6,1,2,0,1,6),(3679,4098,14295,9,2,0,1,0,6),(3680,3954,14295,4,6,1,0,1,6),(3681,1867,14295,0,0,0,0,0,6),(3682,2802,14295,15,5,4,1,1,6),(3683,2803,14295,2,0,0,0,0,6),(3684,940,14296,22,5,4,1,1,24),(3685,732,14296,25,8,1,0,2,24),(3686,2849,14296,4,7,1,0,0,24),(3687,946,14296,37,3,7,0,0,24),(3688,791,14296,14,9,9,0,2,24),(3689,4148,14296,7,4,3,4,0,24),(3690,417,14296,10,3,0,0,1,24),(3691,4149,14296,0,2,0,0,0,24),(3692,4147,14296,5,4,0,1,1,24),(3693,175,14296,15,4,3,1,0,4),(3694,1871,14296,17,5,3,0,2,4),(3695,472,14296,14,3,8,0,2,4),(3696,481,14296,4,7,5,0,1,4),(3697,2855,14296,43,2,3,1,1,4),(3698,3946,14296,6,2,1,0,0,4),(3699,2864,14296,9,8,1,0,1,4),(3700,3944,14296,5,1,2,0,0,4),(3701,1001,14296,2,2,0,0,0,4),(3702,2820,14296,7,3,1,0,1,4),(3703,3425,14297,10,8,2,0,0,31),(3704,36,14297,8,4,0,0,1,31),(3705,4026,14297,28,14,5,2,1,31),(3706,415,14297,11,2,11,0,2,31),(3707,4169,14297,22,2,5,0,0,31),(3708,762,14297,6,3,2,1,0,31),(3709,2830,14297,0,2,0,0,0,31),(3710,1872,14297,12,4,1,0,1,31),(3711,3419,14297,3,1,0,0,0,31),(3712,3499,14297,0,0,1,1,0,31),(3713,126,14297,40,12,2,2,1,17),(3714,265,14297,15,16,12,0,1,17),(3715,1889,14297,0,0,0,0,0,17),(3716,2845,14297,19,3,6,0,0,17),(3717,4126,14297,14,3,0,0,0,17),(3718,462,14297,13,2,6,0,3,17),(3719,1775,14297,6,2,0,0,3,17),(3720,3427,14297,11,3,1,1,2,17),(3721,3489,14298,28,11,1,0,2,14),(3722,749,14298,17,1,2,0,0,14),(3723,2847,14298,16,10,10,2,2,14),(3724,527,14298,18,7,10,0,2,14),(3725,2810,14298,8,5,1,0,0,14),(3726,3435,14298,17,6,1,1,2,14),(3727,3977,14298,12,5,3,0,1,14),(3728,2650,14298,3,2,0,0,0,14),(3729,4,14298,0,0,0,0,1,14),(3730,1485,14298,0,0,0,0,0,14),(3731,1060,14298,0,0,0,0,0,14),(3732,979,14298,6,1,1,0,0,14),(3733,4117,14298,0,0,2,0,1,14),(3734,283,14298,2,7,0,0,2,16),(3735,575,14298,6,11,0,1,0,16),(3736,216,14298,21,6,2,1,0,16),(3737,434,14298,8,2,1,0,0,16),(3738,152,14298,13,2,2,1,1,16),(3739,40,14298,0,1,0,1,0,16),(3740,2823,14298,4,4,0,1,0,16),(3741,2816,14298,7,1,0,1,1,16),(3742,1877,14298,2,4,0,0,0,16),(3743,2115,14298,10,4,3,0,1,16),(3744,3984,14298,11,2,1,0,0,16),(3745,1888,14298,15,3,3,0,0,16),(3746,3983,14298,5,4,0,0,1,16),(3747,260,14299,29,9,7,1,0,23),(3748,4145,14299,6,12,0,0,1,23),(3749,2792,14299,19,4,4,0,1,23),(3750,2404,14299,9,2,0,1,1,23),(3751,3424,14299,2,5,2,2,0,23),(3752,2846,14299,6,8,2,0,0,23),(3753,4003,14299,6,3,1,1,0,23),(3754,1882,14299,7,5,2,0,0,23),(3755,468,14299,9,8,5,0,1,9),(3756,3498,14299,18,5,0,0,1,9),(3757,1014,14299,24,6,3,0,0,9),(3758,383,14299,16,6,8,0,2,9),(3759,3420,14299,15,4,3,0,5,9),(3760,2627,14299,0,0,0,0,1,9),(3761,3967,14299,0,0,0,0,0,9),(3762,1312,14299,2,2,0,1,0,9),(3763,544,14299,5,4,7,0,0,9),(3764,3966,14299,5,3,0,0,0,9),(3765,3504,14300,14,8,3,2,2,25),(3766,972,14300,28,6,4,1,0,25),(3767,2604,14300,11,5,2,2,0,25),(3768,2040,14300,15,9,2,1,0,25),(3769,4009,14300,5,4,3,2,1,25),(3770,4084,14300,0,1,0,0,0,25),(3771,4152,14300,2,3,0,0,1,25),(3772,4215,14300,0,1,0,0,0,25),(3773,3432,14300,7,5,1,0,1,25),(3774,2863,14300,8,1,2,0,0,25),(3775,4153,14300,7,4,3,0,0,25),(3776,4162,14300,9,5,0,1,1,28),(3777,1010,14300,15,9,1,0,1,28),(3778,398,14300,4,8,0,0,0,28),(3779,285,14300,7,3,3,0,0,28),(3780,64,14300,12,4,4,1,1,28),(3781,851,14300,11,7,3,0,1,28),(3782,4161,14300,0,0,0,0,0,28),(3783,1849,14300,5,2,1,0,0,28),(3784,4163,14300,6,7,2,1,0,28),(3785,845,14300,9,3,1,1,0,28),(3786,599,14300,5,2,1,0,1,28),(3787,3497,14300,0,0,1,0,1,28),(3788,204,14301,13,8,7,1,1,11),(3789,3404,14301,8,0,1,1,0,11),(3790,3973,14301,9,6,2,1,1,11),(3791,548,14301,13,2,1,1,1,11),(3792,124,14301,13,8,5,0,4,11),(3793,2827,14301,8,4,2,0,0,11),(3794,322,14301,6,7,3,0,0,11),(3795,18,14301,8,4,4,2,0,11),(3796,236,14301,18,4,2,0,0,11),(3797,593,14301,2,3,0,0,1,11),(3798,2836,14301,14,3,1,0,0,11),(3799,3975,14301,11,7,5,0,1,11),(3800,1853,14301,2,5,0,0,1,19),(3801,2786,14301,4,3,0,1,0,19),(3802,4133,14301,16,4,2,0,0,19),(3803,3477,14301,3,2,4,0,0,19),(3804,3460,14301,7,3,2,2,3,19),(3805,2814,14301,2,2,1,1,0,19),(3806,4130,14301,14,9,0,1,1,19),(3807,486,14301,9,5,6,2,0,19),(3808,814,14301,2,4,0,0,0,19),(3809,2568,14301,18,6,2,0,2,19),(3810,463,14302,23,12,4,3,0,30),(3811,3475,14302,14,10,2,1,1,30),(3812,313,14302,2,1,0,0,0,30),(3813,776,14302,60,3,7,1,3,30),(3814,980,14302,4,6,4,1,0,30),(3815,331,14302,7,8,1,0,1,30),(3816,351,14302,8,3,1,0,0,30),(3817,997,14302,5,3,1,0,0,30),(3818,3436,14302,3,5,1,1,1,30),(3819,441,14302,26,4,5,0,1,22),(3820,2621,14302,14,6,3,1,3,22),(3821,192,14302,11,11,2,3,0,22),(3822,114,14302,14,4,7,0,5,22),(3823,2584,14302,36,5,2,0,0,22),(3824,2146,14302,16,5,2,0,0,22),(3825,258,14302,0,0,0,0,0,22),(3826,962,14302,3,3,2,0,0,22),(3827,1845,14302,10,3,3,0,0,22),(3828,4142,14302,0,0,0,0,0,22),(3829,1901,14303,6,7,2,1,0,5),(3830,3950,14303,13,4,3,0,2,5),(3831,941,14303,19,7,3,0,1,5),(3832,2566,14303,26,9,6,0,0,5),(3833,2593,14303,15,5,5,0,3,5),(3834,3431,14303,12,14,1,3,1,5),(3835,4095,14303,3,1,2,0,0,5),(3836,1879,14303,6,2,3,0,0,5),(3837,2831,14303,11,4,0,0,0,5),(3838,123,14303,4,0,0,0,0,5),(3839,437,14303,23,3,5,0,1,21),(3840,20,14303,22,15,12,2,0,21),(3841,323,14303,5,3,1,1,1,21),(3842,564,14303,7,3,6,3,1,21),(3843,4047,14303,14,2,1,0,0,21),(3844,431,14303,21,7,3,0,0,21),(3845,115,14303,10,7,2,0,0,21),(3846,1058,14303,10,0,1,0,3,21),(3847,3443,14303,2,0,0,0,0,21),(3848,4155,14279,3,9,3,0,0,26),(3849,2858,14279,29,3,6,1,1,26),(3850,1848,14279,12,12,1,2,1,26),(3851,89,14279,10,5,3,0,0,26),(3852,2852,14279,8,2,3,2,2,26),(3853,801,14279,8,11,1,3,0,26),(3854,1037,14279,10,2,0,0,0,26),(3855,2563,14279,2,2,1,0,0,26),(3856,4010,14279,6,5,6,1,4,26),(3857,4011,14279,6,0,2,1,0,26),(3858,479,14279,25,7,2,0,0,15),(3859,522,14279,11,2,1,2,2,15),(3860,2595,14279,9,1,11,0,0,15),(3861,3466,14279,23,12,0,0,1,15),(3862,3979,14279,5,3,1,1,1,15),(3863,2658,14279,2,3,2,2,0,15),(3864,4118,14279,0,0,0,0,0,15),(3865,3981,14279,4,5,2,0,4,15),(3866,348,14279,4,6,3,1,1,15),(3867,2864,14280,23,6,1,1,1,4),(3868,1871,14280,9,4,3,0,0,4),(3869,1854,14280,3,5,2,0,0,4),(3870,472,14280,16,4,3,0,1,4),(3871,2855,14280,17,3,3,0,1,4),(3872,3946,14280,11,5,4,0,1,4),(3873,3944,14280,9,2,2,0,0,4),(3874,1001,14280,8,0,8,0,0,4),(3875,3465,14280,6,0,0,0,0,4),(3876,2820,14280,12,5,0,2,0,4),(3877,882,14280,36,9,10,0,0,2),(3878,2844,14280,8,1,1,1,0,2),(3879,242,14280,16,6,4,1,3,2),(3880,897,14280,9,2,3,1,0,2),(3881,75,14280,24,12,4,0,1,2),(3882,2656,14280,0,0,0,0,0,2),(3883,3995,14280,0,0,1,0,0,2),(3884,2812,14280,12,6,1,1,0,2),(3885,819,14280,8,3,3,1,0,2),(3886,2635,14280,23,6,8,1,2,2),(3887,3943,14280,3,0,0,0,1,2),(3888,940,14281,20,6,5,0,1,24),(3889,732,14281,14,9,2,2,0,24),(3890,519,14281,46,10,3,0,3,24),(3891,946,14281,24,3,8,0,0,24),(3892,791,14281,6,8,6,0,0,24),(3893,3195,14281,0,0,0,0,0,24),(3894,2849,14281,0,3,3,0,0,24),(3895,417,14281,11,0,2,1,3,24),(3896,2832,14281,2,1,2,0,0,24),(3897,2664,14281,18,6,2,0,2,6),(3898,534,14281,19,11,3,1,2,6),(3899,1900,14281,22,1,4,0,1,6),(3900,308,14281,31,7,8,1,2,6),(3901,2808,14281,5,2,6,0,1,6),(3902,2644,14281,0,4,1,0,0,6),(3903,3494,14281,4,1,1,0,0,6),(3904,4098,14281,4,4,0,3,0,6),(3905,3954,14281,5,1,0,0,0,6),(3906,2802,14281,16,3,6,1,2,6),(3907,904,14282,10,9,5,0,1,27),(3908,2242,14282,18,7,1,0,2,27),(3909,327,14282,0,2,3,0,1,27),(3910,407,14282,20,6,0,1,0,27),(3911,4159,14282,34,2,10,0,2,27),(3912,2617,14282,0,1,0,0,0,27),(3913,4156,14282,4,9,0,1,0,27),(3914,264,14282,13,4,4,0,1,27),(3915,196,14282,7,2,0,0,1,27),(3916,2878,14282,0,2,1,0,0,27),(3917,4049,14282,0,1,0,0,0,27),(3918,2835,14282,14,7,1,0,1,7),(3919,2630,14282,9,2,0,0,2,7),(3920,727,14282,11,12,1,0,1,7),(3921,1860,14282,25,5,6,0,0,7),(3922,840,14282,23,13,9,0,2,7),(3923,2392,14282,6,2,1,0,0,7),(3924,391,14282,8,1,0,0,1,7),(3925,317,14282,7,3,3,1,1,7),(3926,1870,14282,8,0,2,0,0,7),(3927,4043,14282,3,1,2,0,0,7),(3928,3504,14283,31,6,7,2,4,25),(3929,972,14283,29,5,5,2,2,25),(3930,2604,14283,0,3,0,0,1,25),(3931,2040,14283,11,3,1,1,2,25),(3932,4009,14283,5,4,1,0,5,25),(3933,4084,14283,3,0,0,0,0,25),(3934,4152,14283,2,1,0,0,0,25),(3935,4215,14283,0,0,0,0,0,25),(3936,3432,14283,2,1,0,1,0,25),(3937,2863,14283,10,5,3,0,0,25),(3938,4153,14283,6,2,3,0,2,25),(3939,260,14283,18,6,6,0,1,23),(3940,4145,14283,10,10,2,0,0,23),(3941,2792,14283,8,10,4,1,2,23),(3942,2404,14283,2,5,2,0,0,23),(3943,3424,14283,11,4,1,0,0,23),(3944,2846,14283,5,6,1,0,0,23),(3945,4003,14283,6,8,2,2,0,23),(3946,1882,14283,8,6,1,1,0,23),(3947,4146,14283,6,1,0,0,0,23),(3948,3489,14284,5,4,1,0,0,14),(3949,749,14284,15,5,2,0,0,14),(3950,2847,14284,13,11,6,4,1,14),(3951,527,14284,15,5,5,2,2,14),(3952,2810,14284,21,7,5,0,0,14),(3953,3435,14284,18,10,1,2,1,14),(3954,3977,14284,18,11,2,1,2,14),(3955,1485,14284,4,4,4,2,1,14),(3956,4117,14284,2,2,2,0,1,14),(3957,283,14284,11,2,1,0,1,16),(3958,575,14284,8,6,1,1,1,16),(3959,216,14284,19,6,7,0,3,16),(3960,434,14284,13,5,3,0,1,16),(3961,152,14284,11,4,8,0,2,16),(3962,40,14284,3,1,1,0,0,16),(3963,2816,14284,5,1,0,0,0,16),(3964,1877,14284,14,7,3,2,2,16),(3965,2115,14284,7,2,1,0,0,16),(3966,3984,14284,8,3,1,0,0,16),(3967,1888,14284,0,0,0,0,0,16),(3968,3983,14284,4,5,1,0,0,16),(3969,437,14285,15,10,3,0,0,21),(3970,20,14285,59,14,7,3,2,21),(3971,323,14285,29,8,0,5,3,21),(3972,564,14285,0,4,8,0,2,21),(3973,3443,14285,3,2,1,0,0,21),(3974,115,14285,6,3,2,1,0,21),(3975,1058,14285,11,4,3,0,2,21),(3976,4047,14285,4,2,2,0,1,21),(3977,222,14285,10,8,5,2,1,10),(3978,4111,14285,11,4,2,0,1,10),(3979,3433,14285,9,9,6,0,0,10),(3980,2801,14285,35,7,11,3,2,10),(3981,46,14285,26,10,4,0,0,10),(3982,2638,14285,0,0,0,0,0,10),(3983,2648,14285,9,3,0,1,0,10),(3984,3970,14285,11,0,1,1,1,10),(3985,3474,14285,9,4,0,0,1,10),(3986,3425,14286,12,5,2,0,1,31),(3987,36,14286,10,7,2,1,0,31),(3988,4026,14286,50,6,2,3,1,31),(3989,415,14286,9,3,11,0,3,31),(3990,4169,14286,10,1,5,1,0,31),(3991,762,14286,5,7,6,0,0,31),(3992,1872,14286,8,6,3,1,0,31),(3993,3419,14286,8,1,2,0,0,31),(3994,3499,14286,10,1,2,0,1,31),(3995,4184,14286,12,2,2,1,1,41),(3996,820,14286,10,6,2,1,0,41),(3997,1887,14286,42,2,6,0,2,41),(3998,4036,14286,6,8,3,1,0,41),(3999,4182,14286,13,5,5,0,0,41),(4000,4183,14286,12,3,5,0,2,41),(4001,2825,14286,19,2,2,0,0,41),(4002,2798,14286,0,0,0,0,0,41),(4003,525,14286,16,13,2,2,0,41),(4004,126,14287,21,14,3,3,0,17),(4005,1862,14287,19,7,3,1,1,17),(4006,265,14287,35,12,14,0,1,17),(4007,1889,14287,4,2,0,1,2,17),(4008,2845,14287,18,2,6,0,1,17),(4009,462,14287,8,2,2,0,0,17),(4010,1775,14287,0,0,0,0,0,17),(4011,4126,14287,19,2,3,0,1,17),(4012,2786,14287,15,7,5,1,3,19),(4013,4133,14287,9,3,2,0,0,19),(4014,2814,14287,6,3,0,1,1,19),(4015,3477,14287,15,3,3,1,3,19),(4016,3460,14287,10,3,4,0,0,19),(4017,4130,14287,12,8,1,1,1,19),(4018,486,14287,15,2,6,1,1,19),(4019,2177,14287,0,3,2,0,0,19),(4020,814,14287,12,2,4,0,0,19),(4021,4015,14288,11,8,1,0,2,29),(4022,200,14288,8,3,2,1,1,29),(4023,4164,14288,17,12,1,8,0,29),(4024,3408,14288,11,4,5,0,2,29),(4025,3496,14288,0,1,0,0,0,29),(4026,4017,14288,6,4,1,0,2,29),(4027,2564,14288,7,6,1,0,1,29),(4028,4018,14288,0,1,0,0,0,29),(4029,2788,14288,13,2,5,1,2,29),(4030,4069,14288,0,0,0,0,0,29),(4031,441,14288,20,10,2,0,0,22),(4032,2621,14288,7,6,2,0,4,22),(4033,192,14288,12,10,0,0,0,22),(4034,1845,14288,13,5,3,1,3,22),(4035,2584,14288,24,4,4,1,4,22),(4036,3470,14288,2,0,0,0,0,22),(4037,2146,14288,15,3,2,1,1,22),(4038,962,14288,2,3,3,0,0,22),(4039,4142,14288,3,0,0,0,0,22),(4092,3259,14157,0,0,0,0,0,1),(4109,3995,14158,0,0,0,0,0,2),(4110,4092,14158,0,0,0,0,0,2),(4112,2844,14158,0,0,0,0,0,2),(4114,2851,14158,0,0,0,0,0,2),(4122,3405,14158,3,0,0,0,0,21),(4123,4141,14158,0,1,0,0,0,21),(4126,3443,14158,3,1,0,0,0,21),(4128,3484,14158,0,0,0,0,0,21),(4129,3453,14159,6,4,1,0,0,20),(4130,86,14159,23,4,7,0,4,20),(4131,724,14159,12,10,4,3,3,20),(4132,1866,14159,19,4,6,0,1,20),(4133,458,14159,20,5,3,0,1,20),(4134,1018,14159,6,1,0,0,0,20),(4135,1815,14159,4,4,1,0,2,20),(4136,753,14159,4,2,0,0,0,20),(4137,84,14159,0,1,2,0,0,20),(4138,4085,14159,12,9,0,0,3,20),(4139,222,14159,9,10,1,1,1,10),(4140,215,14159,20,0,1,0,0,10),(4141,3433,14159,10,11,2,3,0,10),(4142,2801,14159,24,8,6,1,2,10),(4143,3451,14159,18,4,1,0,2,10),(4144,3438,14159,6,4,0,1,0,10),(4145,4111,14159,6,2,0,0,0,10),(4146,2648,14159,2,15,2,0,0,10),(4147,46,14159,3,0,1,0,1,10),(4148,940,14160,19,6,3,1,2,24),(4149,732,14160,15,2,2,1,2,24),(4150,519,14160,13,10,3,0,1,24),(4151,946,14160,21,3,7,0,0,24),(4152,791,14160,16,13,2,0,3,24),(4153,2849,14160,0,1,0,0,0,24),(4154,4148,14160,0,2,0,1,0,24),(4155,417,14160,6,3,1,0,0,24),(4156,2832,14160,14,3,4,0,0,24),(4157,2392,14160,1,3,4,0,0,7),(4158,2835,14160,17,8,1,3,0,7),(4159,727,14160,15,15,1,0,1,7),(4160,1860,14160,34,3,3,2,2,7),(4161,840,14160,25,2,5,0,0,7),(4162,391,14160,5,4,1,0,1,7),(4163,2630,14160,0,0,1,0,1,7),(4164,317,14160,5,4,3,0,2,7),(4165,1870,14160,2,0,0,0,2,7),(4166,2623,14160,6,2,2,0,1,7),(4167,2789,14161,21,12,9,1,5,38),(4168,428,14161,16,19,2,1,0,38),(4169,2834,14161,16,2,6,1,0,38),(4170,1846,14161,20,5,3,0,0,38),(4171,4027,14161,15,1,4,1,0,38),(4172,745,14161,4,3,0,1,0,38),(4173,4172,14161,4,1,0,1,0,38),(4174,4175,14161,6,3,1,0,0,38),(4175,3411,14161,15,7,0,1,1,38),(4176,4176,14161,8,1,5,0,1,38),(4177,2797,14161,0,0,0,0,0,38),(4178,195,14161,16,11,8,1,2,9),(4179,1014,14161,13,9,2,1,0,9),(4180,279,14161,40,10,4,2,1,9),(4181,383,14161,17,9,7,0,1,9),(4182,3420,14161,17,4,2,1,1,9),(4183,468,14161,0,1,1,0,0,9),(4184,3498,14161,6,2,2,1,0,9),(4185,544,14161,9,4,3,0,1,9),(4186,3966,14161,9,2,0,0,0,9),(4571,2664,14266,13,10,3,1,1,6),(4572,534,14266,20,8,3,1,1,6),(4573,1900,14266,20,7,6,1,4,6),(4574,308,14266,26,6,3,0,0,6),(4575,2808,14266,18,8,7,1,1,6),(4576,3494,14266,4,4,0,0,0,6),(4577,4098,14266,0,1,0,0,0,6),(4578,3954,14266,0,3,0,1,0,6),(4579,1867,14266,0,0,0,0,0,6),(4580,3955,14266,2,1,0,0,0,6),(4581,2802,14266,10,3,4,0,0,6),(4582,2835,14266,15,11,2,0,0,7),(4583,2630,14266,3,1,1,0,1,7),(4584,727,14266,9,5,2,1,0,7),(4585,1860,14266,17,2,5,0,4,7),(4586,840,14266,36,8,2,0,4,7),(4587,2392,14266,3,4,2,2,0,7),(4588,391,14266,12,5,0,0,1,7),(4589,317,14266,12,2,3,0,1,7),(4590,1870,14266,12,4,6,0,3,7),(4591,2623,14266,0,1,3,0,0,7),(4592,3489,14267,11,9,0,1,0,14),(4593,3977,14267,13,8,1,4,4,14),(4594,749,14267,8,4,3,0,2,14),(4595,2847,14267,27,17,3,3,0,14),(4596,2810,14267,18,4,2,0,2,14),(4597,3435,14267,10,6,2,2,3,14),(4598,2650,14267,0,1,0,0,0,14),(4599,4,14267,2,7,1,0,0,14),(4600,1060,14267,0,0,0,0,0,14),(4601,979,14267,11,1,1,0,0,14),(4602,4117,14267,7,1,0,0,1,14),(4603,4184,14267,5,6,1,2,0,41),(4604,820,14267,18,4,0,0,1,41),(4605,1887,14267,11,5,6,0,4,41),(4606,4036,14267,11,4,0,1,1,41),(4607,4182,14267,10,2,6,2,4,41),(4608,2590,14267,0,0,0,0,0,41),(4609,931,14267,0,1,1,0,0,41),(4610,3413,14267,0,0,0,0,0,41),(4611,4183,14267,8,2,3,0,0,41),(4612,2825,14267,12,1,1,0,3,41),(4613,525,14267,10,8,2,0,1,41),(4614,2796,14267,4,0,1,0,0,41),(4615,3428,14267,3,1,0,0,0,41),(4616,260,14268,24,5,9,0,1,23),(4617,4145,14268,17,11,2,1,1,23),(4618,2941,14268,3,0,0,0,1,23),(4619,2792,14268,7,7,10,0,3,23),(4620,2846,14268,15,4,1,0,1,23),(4621,886,14268,4,4,0,0,0,23),(4622,4003,14268,2,4,1,1,1,23),(4623,2404,14268,8,4,2,0,3,23),(4624,1882,14268,11,1,6,0,0,23),(4625,4146,14268,2,0,0,0,2,23),(4626,2864,14268,12,9,0,1,1,4),(4627,1871,14268,15,1,0,1,1,4),(4628,1854,14268,13,9,3,2,0,4),(4629,472,14268,14,3,2,0,0,4),(4630,2855,14268,17,7,2,0,0,4),(4631,3946,14268,10,1,2,0,0,4),(4632,3944,14268,15,7,1,1,0,4),(4633,481,14268,6,5,12,0,2,4),(4634,2820,14268,5,4,2,0,0,4),(4635,3504,14269,28,8,6,0,2,25),(4636,972,14269,45,3,9,2,5,25),(4637,2604,14269,12,3,3,1,3,25),(4638,2863,14269,10,4,4,1,0,25),(4639,2040,14269,19,2,1,0,2,25),(4640,4152,14269,0,3,1,0,0,25),(4641,3432,14269,3,1,1,0,1,25),(4642,631,14269,12,2,0,1,1,25),(4643,4009,14269,0,2,4,0,2,25),(4644,4153,14269,2,1,1,0,0,25),(4645,283,14269,20,5,3,0,1,16),(4646,575,14269,22,14,0,3,0,16),(4647,216,14269,17,11,9,0,0,16),(4648,1877,14269,4,4,0,0,0,16),(4649,434,14269,31,2,4,0,3,16),(4650,40,14269,3,3,1,1,0,16),(4651,2115,14269,13,3,4,0,1,16),(4652,152,14269,9,4,8,0,0,16),(4653,1888,14269,9,1,2,1,0,16),(4654,882,14271,20,6,8,2,1,2),(4655,248,14271,8,4,2,0,0,2),(4656,242,14271,8,3,7,0,0,2),(4657,897,14271,31,6,5,0,1,2),(4658,75,14271,37,5,2,0,1,2),(4659,2812,14271,6,2,0,1,0,2),(4660,819,14271,0,2,2,0,1,2),(4661,2844,14271,0,5,0,2,0,2),(4662,2635,14271,6,1,2,0,3,2),(4663,3943,14271,0,0,0,0,0,2),(4664,4090,14271,8,9,0,0,3,1),(4665,2819,14271,18,13,10,1,3,1),(4666,92,14271,18,9,1,0,2,1),(4667,3259,14271,7,2,8,0,0,1),(4668,3406,14271,28,3,7,0,6,1),(4669,385,14271,19,2,2,1,1,1),(4670,2629,14271,15,6,2,0,0,1),(4671,3483,14271,2,0,0,0,0,1),(4672,2327,14271,2,1,5,0,1,1),(4673,222,14272,18,7,4,0,1,10),(4674,215,14272,11,1,1,0,0,10),(4675,3433,14272,8,11,5,2,0,10),(4676,2801,14272,21,7,9,2,0,10),(4677,3451,14272,19,9,7,0,1,10),(4678,3438,14272,10,2,3,0,0,10),(4679,4111,14272,2,4,1,0,0,10),(4680,2648,14272,13,10,1,0,1,10),(4681,46,14272,21,5,1,0,1,10),(4682,326,14272,3,2,0,0,0,20),(4683,1815,14272,9,5,1,1,3,20),(4684,724,14272,20,12,3,1,0,20),(4685,1866,14272,40,5,8,0,4,20),(4686,458,14272,7,2,5,1,1,20),(4687,1018,14272,14,6,3,0,4,20),(4688,3453,14272,2,1,0,0,0,20),(4689,4138,14272,5,2,0,0,0,20),(4690,4085,14272,14,5,3,0,2,20),(4691,4135,14272,2,3,1,0,0,20),(4692,4155,14273,5,6,2,2,0,26),(4693,2858,14273,32,8,5,0,3,26),(4694,1848,14273,9,2,2,1,0,26),(4695,89,14273,6,1,3,0,0,26),(4696,2852,14273,17,4,4,1,2,26),(4697,801,14273,7,4,1,1,2,26),(4698,1037,14273,18,5,1,0,2,26),(4699,287,14273,0,1,1,0,0,26),(4700,2563,14273,6,3,2,0,1,26),(4701,220,14273,0,3,1,0,2,26),(4702,2671,14273,3,0,0,0,0,26),(4703,3449,14273,0,1,0,0,0,26),(4704,4010,14273,8,5,3,2,0,26),(4705,4011,14273,3,0,0,0,0,26),(4706,1901,14273,15,4,1,0,2,5),(4707,190,14273,4,4,0,0,0,5),(4708,3950,14273,8,3,7,0,2,5),(4709,2566,14273,35,6,7,0,0,5),(4710,2593,14273,0,3,1,0,0,5),(4711,3431,14273,12,15,2,3,1,5),(4712,4095,14273,3,6,1,0,0,5),(4713,1879,14273,8,3,0,0,1,5),(4714,123,14273,0,1,1,0,0,5),(4715,3481,14273,0,0,0,0,0,5),(4716,2739,14273,4,3,1,0,1,5),(4717,4042,14273,0,0,1,0,0,5),(4718,189,14274,29,10,3,1,3,27),(4719,2242,14274,17,2,3,0,4,27),(4720,327,14274,4,3,2,1,0,27),(4721,407,14274,5,6,1,2,0,27),(4722,904,14274,3,8,0,0,1,27),(4723,147,14274,5,4,1,1,0,27),(4724,4156,14274,0,0,0,0,0,27),(4725,2878,14274,0,1,1,0,2,27),(4726,4159,14274,23,3,2,0,0,27),(4727,4049,14274,0,0,1,0,0,27),(4728,940,14274,14,4,3,1,2,24),(4729,732,14274,24,6,2,1,1,24),(4730,519,14274,21,13,6,1,1,24),(4731,946,14274,18,3,5,0,1,24),(4732,791,14274,14,12,10,1,1,24),(4733,3195,14274,0,0,0,0,0,24),(4734,2849,14274,2,3,0,1,0,24),(4735,417,14274,3,3,3,0,0,24),(4736,2832,14274,15,3,2,0,2,24),(4737,761,14290,28,9,3,0,2,40),(4738,830,14290,13,5,2,0,0,40),(4739,4179,14290,14,7,2,0,1,40),(4740,1021,14290,16,5,3,0,1,40),(4741,4029,14290,14,0,6,0,2,40),(4742,966,14290,5,5,1,1,1,40),(4743,4181,14290,3,3,2,0,0,40),(4744,109,14290,20,4,4,0,0,40),(4745,3454,14290,0,0,1,0,1,40),(4746,4178,14290,2,2,1,1,3,40),(4747,817,14290,3,0,0,0,0,8),(4748,4044,14290,5,2,0,4,1,8),(4749,963,14290,37,7,9,0,1,8),(4750,514,14290,17,3,2,1,0,8),(4751,2811,14290,15,4,5,0,1,8),(4752,2668,14290,19,2,4,0,3,8),(4753,433,14290,0,3,3,2,0,8),(4754,1859,14290,10,5,0,2,0,8),(4755,142,14290,0,2,1,1,2,8),(4756,3407,14290,7,2,1,0,3,8),(4757,882,14304,24,11,9,0,0,2),(4758,248,14304,18,4,2,1,1,2),(4759,2844,14304,12,8,2,1,0,2),(4760,897,14304,18,5,4,2,0,2),(4761,75,14304,27,6,7,1,0,2),(4762,2812,14304,14,0,1,1,0,2),(4763,819,14304,4,6,3,0,1,2),(4764,2635,14304,6,0,1,0,0,2),(4765,3943,14304,3,2,1,0,0,2),(4766,428,14304,35,12,0,0,1,38),(4767,2834,14304,10,3,5,0,1,38),(4768,1846,14304,25,10,15,1,1,38),(4769,3411,14304,13,6,3,1,0,38),(4770,4027,14304,9,2,5,0,0,38),(4771,745,14304,15,5,0,0,0,38),(4772,1858,14304,4,2,2,0,0,38),(4773,4172,14304,3,0,1,0,0,38),(4774,4175,14304,3,5,0,0,0,38),(4775,4176,14304,6,1,4,0,0,38),(4776,2846,14305,10,9,1,0,0,23),(4777,260,14305,32,4,8,1,3,23),(4778,4145,14305,8,7,3,0,2,23),(4779,2792,14305,12,8,5,0,1,23),(4780,2404,14305,7,6,2,1,0,23),(4781,3424,14305,6,8,2,1,0,23),(4782,4003,14305,8,2,0,0,1,23),(4783,1882,14305,16,6,3,1,0,23),(4784,126,14305,31,14,1,1,2,17),(4785,265,14305,21,7,5,0,1,17),(4786,2845,14305,10,2,7,0,1,17),(4787,3427,14305,2,3,1,1,2,17),(4788,4126,14305,27,7,2,0,2,17),(4789,4128,14305,0,1,0,0,0,17),(4790,462,14305,7,1,5,0,1,17),(4791,1775,14305,0,2,2,0,0,17),(4792,817,14306,2,4,0,0,0,8),(4793,4044,14306,7,4,2,4,0,8),(4794,261,14306,22,8,6,0,2,8),(4795,963,14306,16,6,6,0,2,8),(4796,514,14306,9,0,0,0,0,8),(4797,374,14306,2,2,0,0,0,8),(4798,1897,14306,0,4,2,0,2,8),(4799,3960,14306,5,5,0,0,0,8),(4800,2668,14306,6,3,4,0,1,8),(4801,433,14306,0,2,1,0,1,8),(4802,1859,14306,22,7,1,3,1,8),(4803,142,14306,0,0,0,0,0,8),(4804,2811,14306,5,4,3,0,0,8),(4805,3398,14306,2,1,0,0,0,8),(4806,3407,14306,12,3,1,0,0,8),(4807,762,14306,20,6,0,3,1,31),(4808,3425,14306,13,2,0,2,0,31),(4809,36,14306,4,3,2,0,0,31),(4810,415,14306,11,5,3,0,2,31),(4811,4169,14306,12,4,3,0,2,31),(4812,2830,14306,14,6,2,1,0,31),(4813,1872,14306,8,5,2,0,4,31),(4814,2790,14306,0,6,2,3,1,31),(4815,2606,14306,3,3,4,0,0,31),(4816,3419,14306,2,2,2,0,0,31),(4817,3499,14306,6,1,1,0,0,31),(4818,4024,14306,0,2,0,0,0,31),(4819,331,14307,17,3,1,1,0,30),(4820,351,14307,6,1,0,0,1,30),(4821,3475,14307,5,6,2,0,1,30),(4822,776,14307,49,3,9,0,2,30),(4823,980,14307,18,5,2,0,1,30),(4824,313,14307,8,5,2,1,0,30),(4825,4168,14307,6,2,0,1,0,30),(4826,997,14307,6,3,5,0,1,30),(4827,2605,14307,0,4,3,0,0,30),(4828,3436,14307,0,0,0,0,0,30),(4829,761,14307,16,8,2,2,3,40),(4830,830,14307,25,5,1,0,0,40),(4831,4179,14307,9,7,2,0,3,40),(4832,1021,14307,18,2,2,0,0,40),(4833,4029,14307,19,2,2,0,1,40),(4834,966,14307,4,4,0,1,1,40),(4835,4181,14307,0,0,1,0,0,40),(4836,109,14307,17,3,5,0,3,40),(4837,1006,14307,0,0,0,0,0,40),(4838,3454,14307,0,0,0,0,0,40),(4839,4178,14307,9,2,1,0,0,40),(4840,940,14314,21,6,1,1,1,24),(4841,732,14314,24,8,0,1,0,24),(4842,519,14314,26,15,6,1,1,24),(4843,946,14314,12,5,10,0,2,24),(4844,791,14314,20,8,8,0,0,24),(4845,2849,14314,2,4,1,1,0,24),(4846,417,14314,9,0,6,0,0,24),(4847,4147,14314,0,1,1,1,0,24),(4848,175,14314,16,4,2,1,0,4),(4849,1871,14314,22,5,5,0,0,4),(4850,472,14314,8,1,6,0,0,4),(4851,481,14314,0,4,8,1,0,4),(4852,2855,14314,16,5,3,0,1,4),(4853,3946,14314,15,6,0,0,0,4),(4854,2864,14314,7,3,1,1,0,4),(4855,3944,14314,13,2,1,0,0,4),(4856,1001,14314,0,0,0,0,0,4),(4857,3465,14314,3,1,0,0,0,4),(4858,2820,14314,0,1,2,0,0,4),(4859,4212,14314,0,0,0,0,0,4),(4860,2664,14315,7,1,1,0,0,6),(4861,534,14315,9,6,2,0,0,6),(4862,1900,14315,8,2,4,1,0,6),(4863,308,14315,15,5,1,1,2,6),(4864,2808,14315,9,9,5,1,0,6),(4865,2644,14315,5,7,0,3,0,6),(4866,3494,14315,4,1,1,1,2,6),(4867,4098,14315,8,3,0,0,1,6),(4868,3954,14315,2,0,1,0,1,6),(4869,765,14315,5,2,1,0,0,6),(4870,1867,14315,12,4,2,0,0,6),(4871,949,14315,8,3,2,0,2,6),(4872,2802,14315,9,2,6,0,0,6),(4873,2803,14315,6,2,0,0,0,6),(4874,3489,14315,10,8,1,0,0,14),(4875,749,14315,15,2,3,0,2,14),(4876,2847,14315,20,11,11,1,0,14),(4877,527,14315,28,7,7,0,2,14),(4878,2810,14315,18,4,1,0,2,14),(4879,207,14315,2,2,0,0,0,14),(4880,3435,14315,4,6,0,0,1,14),(4881,3977,14315,16,11,5,1,0,14),(4882,2650,14315,4,3,2,0,0,14),(4883,1485,14315,5,8,2,2,0,14),(4884,1060,14315,2,0,0,1,0,14),(4885,979,14315,3,1,1,1,0,14),(4886,3931,14315,4,1,0,0,1,14),(4887,4117,14315,12,2,1,3,0,14),(4888,3504,14316,27,5,5,1,1,25),(4889,972,14316,36,2,8,2,2,25),(4890,2604,14316,6,2,4,1,1,25),(4891,2863,14316,7,5,0,1,2,25),(4892,2040,14316,18,5,3,0,0,25),(4893,4152,14316,12,2,3,0,0,25),(4894,4215,14316,0,0,0,0,0,25),(4895,3432,14316,0,1,1,0,0,25),(4896,4009,14316,4,2,1,0,2,25),(4897,4153,14316,3,1,2,0,1,25),(4898,1897,14316,27,17,2,1,0,8),(4899,4044,14316,6,5,3,2,0,8),(4900,261,14316,23,1,6,0,0,8),(4901,514,14316,5,3,0,1,2,8),(4902,2811,14316,10,3,2,0,0,8),(4903,817,14316,2,2,0,0,0,8),(4904,2668,14316,13,4,3,0,0,8),(4905,433,14316,1,0,0,0,0,8),(4906,1859,14316,11,12,0,1,0,8),(4907,142,14316,10,3,1,0,1,8),(4908,3407,14316,13,3,1,0,1,8),(4909,283,14317,7,1,0,0,3,16),(4910,575,14317,22,11,2,2,0,16),(4911,216,14317,20,6,11,2,2,16),(4912,434,14317,19,2,3,0,1,16),(4913,152,14317,11,4,4,0,2,16),(4914,40,14317,2,1,0,0,0,16),(4915,1877,14317,7,2,1,1,0,16),(4916,2115,14317,7,2,2,0,1,16),(4917,1888,14317,12,4,6,0,1,16),(4918,761,14317,13,8,2,0,2,40),(4919,830,14317,18,10,1,0,1,40),(4920,4179,14317,13,2,4,0,0,40),(4921,1021,14317,11,4,3,0,0,40),(4922,4029,14317,9,5,3,0,0,40),(4923,966,14317,8,1,0,0,0,40),(4924,4181,14317,8,4,1,1,1,40),(4925,109,14317,21,4,2,0,1,40),(4926,4178,14317,4,3,8,0,2,40);
/*!40000 ALTER TABLE `player_stats` ENABLE KEYS */;
UNLOCK TABLES;

--
-- Table structure for table `players`
--

DROP TABLE IF EXISTS `players`;
/*!40101 SET @saved_cs_client     = @@character_set_client */;
/*!50503 SET character_set_client = utf8mb4 */;
CREATE TABLE `players` (
  `player_id` int NOT NULL,
  `name` varchar(255) NOT NULL,
  `country` varchar(100) DEFAULT NULL,
  `position` varchar(50) DEFAULT NULL,
  `weight` int DEFAULT NULL,
  PRIMARY KEY (`player_id`)
) ENGINE=InnoDB DEFAULT CHARSET=utf8mb4 COLLATE=utf8mb4_0900_ai_ci;
/*!40101 SET character_set_client = @saved_cs_client */;

--
-- Dumping data for table `players`
--

LOCK TABLES `players` WRITE;
/*!40000 ALTER TABLE `players` DISABLE KEYS */;
INSERT INTO `players` VALUES (4,'Steven Adams','New Zealand','C',265),(18,'Kyle Anderson','USA','F-G',230),(20,'Giannis Antetokounmpo','Greece','F',242),(36,'Harrison Barnes','USA','F',225),(40,'Nicolas Batum','France','G-F',230),(45,'Bradley Beal','USA','G',207),(46,'Malik Beasley','USA','G',187),(64,'Devin Booker','USA','G',206),(75,'Jaylen Brown','USA','G-F',223),(84,'Alec Burks','USA','G',214),(86,'Jimmy Butler','USA','F',230),(89,'Kentavious Caldwell-Pope','USA','G',204),(92,'Clint Capela','Switzerland','C',256),(109,'Jordan Clarkson','USA','G',194),(114,'Mike Conley','USA','G',175),(115,'Pat Connaughton','USA','G',209),(123,'Seth Curry','USA','G',185),(124,'Stephen Curry','USA','G',185),(126,'Anthony Davis','USA','F-C',253),(136,'DeMar DeRozan','USA','G-F',220),(142,'Spencer Dinwiddie','USA','G',215),(147,'Andre Drummond','USA','C',279),(152,'Kris Dunn','USA','N/A',0),(153,'Kevin Durant','USA','F',240),(175,'Dorian Finney-Smith','USA','F',220),(189,'Paul George','USA','F',220),(190,'Taj Gibson','USA','F',232),(192,'Rudy Gobert','France','C',258),(195,'Aaron Gordon','USA','F',235),(196,'Eric Gordon','USA','G',215),(200,'Jerami Grant','USA','F',210),(204,'Draymond Green','USA','F',230),(207,'Jeff Green','USA','F',235),(215,'Tim Hardaway Jr.','USA','G-F',205),(216,'James Harden','USA','G',220),(220,'Gary Harris','USA','G',210),(222,'Tobias Harris','USA','F',226),(236,'Buddy Hield','Bahamas','G',220),(242,'Jrue Holiday','USA','G',205),(246,'Richaun Holmes','USA','F',235),(248,'Al Horford','Dominican Republic','C-F',240),(258,'Joe Ingles','Australia','F-G',220),(260,'Brandon Ingram','USA','F',190),(261,'Kyrie Irving','Australia','G',195),(264,'Reggie Jackson','USA','G',208),(265,'LeBron James','USA','F',250),(274,'James Johnson','USA','F',0),(279,'Nikola Jokic','Serbia','C',284),(283,'Derrick Jones Jr.','USA','F',210),(285,'Tyus Jones','USA','G',196),(286,'DeAndre Jordan','USA','C',265),(287,'Cory Joseph','Canada','G',200),(290,'Frank Kaminsky','USA','F-C',0),(302,'Skal Labissiere','Unknown','N/A',0),(308,'Zach LaVine','USA','G-F',200),(313,'Alex Len','Ukraine','C',250),(317,'Caris LeVert','USA','G',205),(319,'Damian Lillard','USA','G',195),(322,'Kevon Looney','USA','F',222),(323,'Brook Lopez','USA','C',282),(326,'Kevin Love','USA','F-C',251),(327,'Kyle Lowry','USA','G',196),(331,'Trey Lyles','Canada','F',234),(347,'CJ McCollum','USA','G',190),(348,'T.J. McConnell','USA','G',190),(351,'Doug McDermott','USA','F',225),(365,'Patty Mills','Australia','G',180),(374,'Markieff Morris','USA','F',245),(382,'Dejounte Murray','USA','G',180),(383,'Jamal Murray','Canada','G',215),(385,'Larry Nance Jr.','USA','F-C',245),(391,'Georges Niang','USA','F',230),(398,'Jusuf Nurkic','Bosnia and Herzegovina','C',290),(404,'Kelly Olynyk','Canada','F-C',240),(407,'Kelly Oubre Jr.','USA','F-G',203),(415,'Chris Paul','USA','G',175),(417,'Cameron Payne','USA','G',183),(418,'Elfrid Payton','USA','G',195),(426,'Mason Plumlee','USA','F-C',254),(428,'Jakob Poeltl','Austria','C',245),(431,'Bobby Portis','USA','F',250),(433,'Dwight Powell','Canada','F-C',240),(434,'Norman Powell','USA','G',215),(437,'Taurean Prince','USA','F',218),(441,'Julius Randle','USA','F-C',250),(458,'Terry Rozier','USA','G',190),(462,'D\'Angelo Russell','USA','G',193),(463,'Domantas Sabonis','Lithuania','F-C',240),(468,'Dario Saric','Croatia','F-C',225),(472,'Dennis Schroder','Germany','G',172),(479,'Pascal Siakam','Cameroon','F',230),(481,'Ben Simmons','Australia','G-F',240),(486,'Marcus Smart','USA','G',220),(507,'Garrett Temple','USA','G-F',195),(514,'Klay Thompson','USA','G',220),(515,'Tristan Thompson','Canada','C-F',254),(519,'Karl-Anthony Towns','USA','C-F',248),(522,'Myles Turner','USA','C-F',250),(525,'Jonas Valanciunas','Lithuania','C',265),(527,'Fred VanVleet','USA','G',197),(534,'Nikola Vucevic','Montenegro','C',260),(540,'T.J. Warren','USA','F',220),(544,'Russell Westbrook','USA','G',200),(548,'Andrew Wiggins','Canada','F',197),(564,'Delon Wright','USA','G',185),(575,'Ivica Zubac','Croatia','C',240),(593,'Gary Payton II','USA','G',195),(599,'Damion Lee','USA','G-F',210),(631,'Alex Caruso','USA','G',186),(724,'Bam Adebayo','USA','C-F',255),(727,'Jarrett Allen','USA','C',243),(732,'O.G. Anunoby','United Kingdom','F',232),(735,'Lonzo Ball','USA','G',190),(743,'Bogdan Bogdanovic','Serbia','G',225),(745,'Chris Boucher','Saint Lucia','F-C',200),(749,'Dillon Brooks','Canada','G-F',225),(753,'Thomas Bryant','USA','C-F',248),(761,'John Collins','USA','F-C',226),(762,'Zach Collins','USA','F-C',250),(765,'Torrey Craig','USA','F',221),(770,'P.J. Dozier','USA','G-F',0),(776,'De\'Aaron Fox','USA','G',185),(791,'Josh Hart','USA','G',215),(801,'Jonathan Isaac','USA','F',230),(814,'Luke Kennard','USA','G',206),(817,'Maxi Kleber','Germany','F',240),(819,'Luke Kornet','USA','C-F',250),(820,'Kyle Kuzma','USA','F',221),(830,'Lauri Markkanen','Finland','F-C',240),(840,'Donovan Mitchell','USA','G',215),(842,'Malik Monk','USA','G',200),(845,'Monte Morris','USA','G',183),(851,'Royce O\'Neale','USA','F',226),(869,'Samardo Samuels','Unknown','F',0),(882,'Jayson Tatum','USA','F-G',210),(886,'Daniel Theis','Germany','F-C',245),(897,'Derrick White','USA','G',190),(904,'Guerschon Yabusele','France','F',260),(926,'Grayson Allen','USA','G',198),(930,'Deandre Ayton','Bahamas','C',250),(931,'Marvin Bagley III','USA','F',235),(934,'Keita Bates-Diop','USA','F',229),(940,'Mikal Bridges','USA','F',209),(941,'Miles Bridges','USA','F',225),(946,'Jalen Brunson','USA','G',190),(949,'Jevon Carter','USA','G',200),(950,'Wendell Carter Jr.','USA','C-F',270),(962,'Donte DiVincenzo','USA','G',203),(963,'Luka Doncic','Slovenia','F-G',230),(966,'Drew Eubanks','USA','F-C',0),(972,'Shai Gilgeous-Alexander','Canada','G',180),(973,'Devonte\' Graham','USA','G',195),(978,'Isaiah Hartenstein','Germany','C-F',250),(979,'Aaron Holiday','USA','G',185),(980,'Kevin Huerter','USA','G-F',198),(987,'Kevin Knox II','USA','F',215),(997,'Jordan McLaughlin','USA','G',185),(998,'De\'Anthony Melton','USA','G',200),(1001,'Shake Milton','USA','G-F',205),(1006,'Svi Mykhailiuk','Ukraine','G-F',205),(1010,'Josh Okogie','Nigeria','G',213),(1014,'Michael Porter Jr.','USA','F',218),(1018,'Duncan Robinson','USA','F',215),(1021,'Collin Sexton','USA','G',190),(1022,'Landry Shamet','USA','G',190),(1023,'Anfernee Simons','USA','G',181),(1025,'Zhaire Smith','USA','G',205),(1037,'Moritz Wagner','Germany','F-C',245),(1038,'Lonnie Walker IV','USA','G-F',204),(1046,'Trae Young','USA','G',164),(1058,'Gary Trent Jr.','USA','G-F',209),(1060,'Jack McVeigh','Unknown','N/A',0),(1312,'Vlatko Cancar','Unknown','F',0),(1485,'Jock Landale','Unknown','C',0),(1775,'Gabe Vincent','USA','G',200),(1815,'Haywood Highsmith','USA','F',220),(1845,'Nickeil Alexander-Walker','Canada','G',205),(1846,'RJ Barrett','Canada','F-G',214),(1848,'Goga Bitadze','Georgia','C-F',250),(1849,'Bol Bol','Sudan','C-F',220),(1853,'Brandon Clarke','Canada','F',215),(1854,'Nic Claxton','USA','C',215),(1855,'Jarrett Culver','USA','G-F',195),(1858,'Bruno Fernando','Angola','F-C',240),(1859,'Daniel Gafford','USA','F-C',234),(1860,'Darius Garland','USA','G',192),(1862,'Rui Hachimura','Japan','F',230),(1864,'Jaxson Hayes','USA','C-F',220),(1866,'Tyler Herro','USA','G',195),(1867,'Talen Horton-Tucker','USA','G',234),(1868,'De\'Andre Hunter','USA','F-G',221),(1870,'Ty Jerome','USA','G-F',195),(1871,'Cameron Johnson','USA','F',210),(1872,'Keldon Johnson','USA','F-G',220),(1875,'Nassir Little','USA','F-G',220),(1877,'Terance Mann','USA','G-F',215),(1879,'Cody Martin','USA','F',205),(1880,'Jalen McDaniels','USA','F-C',205),(1881,'Ja Morant','USA','G',174),(1882,'Jaylen Nowell','USA','G',201),(1883,'Chuma Okeke','USA','F',229),(1885,'Miye Oni','USA','N/A',0),(1887,'Jordan Poole','USA','G',194),(1888,'Kevin Porter Jr.','USA','G-F',203),(1889,'Cam Reddish','USA','F-G',217),(1897,'P.J. Washington','USA','F',230),(1900,'Coby White','USA','G',195),(1901,'Grant Williams','USA','F',236),(1902,'Zion Williamson','USA','F',284),(1948,'DaQuan Jeffries','USA','G-F',225),(2040,'Luguentz Dort','Unknown','G',0),(2051,'Max Strus','USA','G-F',220),(2111,'Charlie Brown Jr.','USA','G',199),(2115,'Amir Coffey','USA','G-F',210),(2146,'Naz Reid','Unknown','C-F',0),(2160,'Moses Brown','Unknown','C',0),(2168,'Terence Davis','Unknown','G',0),(2177,'John Konchar','USA','G',210),(2204,'Anzejs Pasecniks','Latvia','N/A',229),(2242,'Caleb Martin','Unknown','F',0),(2327,'Garrison Mathews','Unknown','G',0),(2392,'Dean Wade','USA','F-C',228),(2404,'Javonte Green','USA','G-F',205),(2561,'Precious Achiuwa','Nigeria','F',225),(2563,'Cole Anthony','USA','G',185),(2564,'Deni Avdija','Israel','F',210),(2566,'LaMelo Ball','USA','G',180),(2568,'Desmond Bane','USA','G',215),(2578,'Nate Darling','Unknown','G',0),(2580,'Mamadi Diakite','Guinea','F',0),(2584,'Anthony Edwards','USA','G',225),(2587,'Malachi Flynn','USA','G',175),(2590,'Anthony Gill','USA','F',230),(2593,'Josh Green','Australia','G',200),(2595,'Tyrese Haliburton','USA','G',185),(2604,'Isaiah Joe','USA','G',165),(2605,'Mason Jones','USA','G',200),(2606,'Tre Jones','USA','G',185),(2608,'Vit Krejci','Czech Republic','G',195),(2611,'Kira Lewis Jr.','USA','G',170),(2617,'Kenyon Martin Jr.','USA','F',215),(2619,'Tyrese Maxey','USA','G',200),(2621,'Jaden McDaniels','USA','F',185),(2623,'Sam Merrill','USA','G',0),(2626,'Aaron Nesmith','USA','G-F',215),(2627,'Zeke Nnaji','USA','F-C',240),(2629,'Onyeka Okongwu','USA','F-C',240),(2630,'Isaac Okoro','USA','F-G',225),(2635,'Payton Pritchard','USA','G',195),(2636,'Immanuel Quickley','USA','G',190),(2637,'Jahmi\'us Ramsey','USA','G',0),(2638,'Paul Reed','USA','F',210),(2639,'Nick Richards','Jamaica','C',245),(2644,'Jalen Smith','USA','F-C',215),(2647,'Lamar Stevens','USA','F',230),(2648,'Isaiah Stewart','USA','F-C',250),(2650,'Jae\'Sean Tate','USA','F',230),(2654,'Brodric Thomas','USA','G',185),(2656,'Xavier Tillman','USA','F',245),(2658,'Obi Toppin','USA','F',220),(2664,'Patrick Williams','USA','F',215),(2666,'James Wiseman','USA','C',240),(2668,'Naji Marshall','USA','F',220),(2670,'Kylor Kelley','Unknown','N/A',0),(2671,'Trevelin Queen','USA','G',190),(2672,'Nate Hinton','USA','G-F',210),(2677,'Kevon Harris','Unknown','G',0),(2739,'Vasilije Micic','Unknown','G',0),(2786,'Santi Aldama','Spain','F-C',215),(2788,'Dalano Banton','Canada','F',204),(2789,'Scottie Barnes','USA','F',225),(2790,'Charles Bassey','Nigeria','C-F',230),(2792,'Brandon Boston Jr.','USA','G',188),(2796,'Jared Butler','USA','G',193),(2797,'D.J. Carton','USA','G',200),(2798,'Justin Champagnie','USA','G-F',206),(2799,'Josh Christopher','USA','G',215),(2801,'Cade Cunningham','USA','G',220),(2802,'Ayo Dosunmu','USA','G',200),(2803,'Chris Duarte','Dominican Republic','G',190),(2804,'David Duke Jr.','USA','G',204),(2807,'Luka Garza','USA','C',243),(2808,'Josh Giddey','Australia','G',205),(2810,'Jalen Green','USA','G',186),(2811,'Quentin Grimes','USA','G',210),(2812,'Sam Hauser','USA','F',217),(2814,'Jay Huff','USA','F',0),(2816,'Bones Hyland','USA','G',169),(2817,'Isaiah Jackson','USA','F',205),(2819,'Jalen Johnson','USA','F',219),(2820,'Keon Johnson','USA','G',185),(2822,'Herbert Jones','USA','F',206),(2823,'Kai Jones','Bahamas','C-F',221),(2825,'Corey Kispert','USA','F',224),(2827,'Jonathan Kuminga','DRC','F',225),(2830,'Sandro Mamukelashvili','Georgia','F-C',240),(2831,'Tre Mann','USA','G',178),(2832,'Miles McBride','USA','G',195),(2833,'Mac McClung','USA','G',185),(2834,'Davion Mitchell','USA','G',202),(2835,'Evan Mobley','USA','C',215),(2836,'Moses Moody','USA','G',211),(2838,'Eugene Omoruyi','Nigeria','F',0),(2842,'Jason Preston','USA','G',181),(2844,'Neemias Queta','Portugal','C',248),(2845,'Austin Reaves','USA','G',197),(2846,'Jeremiah Robinson-Earl','USA','F',242),(2847,'Alperen Sengun','Turkey','C',243),(2849,'Jericho Sims','USA','C',250),(2851,'Jaden Springer','USA','G',202),(2852,'Jalen Suggs','USA','G',205),(2853,'Terry Taylor','USA','F',230),(2855,'Cam Thomas','Japan','G',210),(2856,'JT Thor','USA','F',203),(2858,'Franz Wagner','Germany','F',220),(2860,'Duane Washington Jr.','Germany','G',197),(2863,'Aaron Wiggins','USA','G',190),(2864,'Ziaire Williams','USA','F',185),(2878,'Jeff Dowtin','USA','G',180),(2890,'A.J. Lawson','Canada','G',180),(2917,'Javonte Smart','USA','G',205),(2921,'DJ Steward','USA','G',163),(2941,'Jose Alvarado','USA','G',179),(2990,'Jalen Crutcher','USA','G',175),(3091,'Braxton Key','USA','F',225),(3154,'Daishen Nix','USA','G',224),(3195,'Matt Ryan','USA','F',215),(3237,'Ethan Thompson','Puerto Rico','G',195),(3259,'Keaton Wallace','Unknown','N/A',185),(3341,'Jordan Goodwin','USA','G',0),(3358,'Micah Potter','USA','C',0),(3360,'Dru Smith','Unknown','G',0),(3380,'Malcolm Hill','USA','F',220),(3398,'Brandon Williams','USA','G',190),(3404,'Lindy Waters III','USA','F',215),(3405,'MarJon Beauchamp','Unknown','F',0),(3406,'Dyson Daniels','Unknown','G',0),(3407,'Jaden Hardy','Unknown','G',0),(3408,'Scoot Henderson','Unknown','N/A',0),(3411,'Ochai Agbaji','Unknown','G',0),(3413,'Patrick Baldwin Jr.','Unknown','F',0),(3414,'Paolo Banchero','Unknown','F',0),(3415,'Dominick Barlow','Unknown','F',0),(3419,'Malaki Branham','Unknown','F',0),(3420,'Christian Braun','Unknown','G',0),(3423,'Kendall Brown','Unknown','G',0),(3424,'Jamal Cain','Unknown','F',0),(3425,'Julian Champagnie','Unknown','F',0),(3427,'Max Christie','Unknown','G',0),(3428,'Johnny Davis','Unknown','G',0),(3429,'JD Davison','Unknown','G',0),(3431,'Moussa Diabate','Unknown','F',0),(3432,'Ousmane Dieng','Unknown','F',0),(3433,'Jalen Duren','Unknown','C',0),(3435,'Tari Eason','Unknown','F',0),(3436,'Keon Ellis','Unknown','G',0),(3438,'Simone Fontecchio','Unknown','F',0),(3441,'Collin Gillespie','Unknown','G',0),(3443,'A.J. Green','Unknown','G',0),(3447,'Ron Harper Jr.','Unknown','F',0),(3448,'Chet Holmgren','Unknown','C-F',0),(3449,'Caleb Houstan','Unknown','G',0),(3451,'Jaden Ivey','Unknown','G',0),(3452,'Quenton Jackson','Unknown','G',0),(3453,'Nikola Jovic','Unknown','F',0),(3454,'Johnny Juzang','Unknown','G',0),(3457,'Walker Kessler','Unknown','C',0),(3460,'Jake LaRavia','Unknown','F',0),(3462,'E.J. Liddell','Unknown','F',0),(3463,'Kenneth Lofton Jr.','Unknown','F',0),(3465,'Tyrese Martin','Unknown','G',0),(3466,'Bennedict Mathurin','Unknown','G-F',0),(3467,'Karlo Matkovic','Unknown','F-C',0),(3468,'Javante McCoy','Unknown','G',0),(3469,'Bryce McGowens','Unknown','G',0),(3470,'Josh Minott','Unknown','F',0),(3472,'Isaiah Mobley','Unknown','F',0),(3474,'Wendell Moore Jr.','Unknown','G',0),(3475,'Keegan Murray','Unknown','F',0),(3476,'Andrew Nembhard','Unknown','G-F',0),(3477,'Scotty Pippen Jr.','Unknown','G',0),(3478,'Daeqwon Plowden','Unknown','G-F',0),(3480,'Lester Quinones','Unknown','G',0),(3481,'Jared Rhoden','Unknown','G',0),(3483,'David Roddy','Unknown','F',0),(3484,'Ryan Rollins','Unknown','G',0),(3485,'Gui Santos','Unknown','G',0),(3486,'Dereon Seabron','Unknown','G',0),(3489,'Jabari Smith Jr.','Unknown','F',0),(3490,'Jeremy Sochan','Unknown','F',0),(3492,'Pat Spencer','Unknown','G',0),(3493,'Cole Swider','Unknown','F',0),(3494,'Dalen Terry','Unknown','F',0),(3496,'Jabari Walker','Unknown','F',0),(3497,'TyTy Washington Jr.','Unknown','G',0),(3498,'Peyton Watson','Unknown','G',0),(3499,'Blake Wesley','Unknown','G',0),(3503,'Alondes Williams','Unknown','G',0),(3504,'Jalen Williams','Unknown','G-F',0),(3576,'Jules Bernard','Unknown','G',0),(3714,'Justin Minaya','Unknown','F',0),(3717,'Trhae Mitchell','Unknown','G',0),(3724,'Taze Moore','Unknown','G',0),(3790,'Stanley Umude','Unknown','G',0),(3892,'Jacob Gilyard','Unknown','N/A',0),(3931,'Jeenathan Williams','Unknown','G',0),(3938,'Kobe Bufkin','Unknown','G',195),(3939,'Mouhamed Gueye','Unknown','F',210),(3941,'Seth Lundy','Unknown','G',220),(3942,'Miles Norris','Unknown','F',220),(3943,'Jordan Walsh','Unknown','G',205),(3944,'Noah Clowney','Unknown','F',210),(3945,'Dariq Whitehead','Unknown','F',220),(3946,'Jalen Wilson','Unknown','F',225),(3947,'Amari Bailey','Unknown','G',185),(3949,'Nathan Mensah','Unknown','C',230),(3950,'Brandon Miller','Unknown','F',200),(3951,'Onuralp Bitim','Unknown','SF',215),(3954,'Julian Phillips','Unknown','F',197),(3955,'Adama Sanogo','Unknown','C',258),(3957,'Pete Nance','Unknown','F',230),(3960,'OlivierMaxence Prosper','Unknown','F',215),(3964,'Andrew Funk','Unknown','G',188),(3965,'Jalen Pickett','Unknown','G',202),(3966,'Julian Strawther','Unknown','G',205),(3967,'Hunter Tyson','Unknown','F',215),(3969,'Tosan Evbuomwan','Unknown','F',217),(3970,'Marcus Sasser','Unknown','G',195),(3973,'Trayce JacksonDavis','Unknown','F',245),(3975,'Brandin Podziemski','Unknown','G',203),(3977,'Amen Thompson','Unknown','F',214),(3978,'Cam Whitmore','Unknown','F',232),(3979,'Ben Sheppard','Unknown','G',190),(3980,'Oscar Tshiebwe','Unknown','C',260),(3981,'Jarace Walker','Unknown','F',240),(3983,'Kobe Brown','Unknown','G',250),(3984,'Jordan Miller','Unknown','G',195),(3987,'Colin Castleton','Unknown','C',231),(3990,'Jalen HoodSchifino','Unknown','G',215),(3991,'Maxwell Lewis','Unknown','F',205),(3995,'Drew Peterson','Unknown','F',205),(3996,'Jazian Gortman','Unknown','G',170),(3997,'Chris Livingston','Unknown','F',220),(4000,'Jaylen Clark','Unknown','G',205),(4001,'Leonard Miller','Unknown','F',210),(4002,'Jordan Hawkins','Unknown','G',195),(4003,'Trey Jemison','Unknown','C',260),(4005,'Liam Robbins','Unknown','C',250),(4006,'Jaylen Martin','Unknown','G',196),(4007,'Jacob Toppin','Unknown','F',205),(4008,'Keyontae Johnson','Unknown','F',235),(4009,'Cason Wallace','Unknown','G',193),(4010,'Anthony Black','Unknown','G',200),(4011,'Jett Howard','Unknown','G',215),(4015,'Toumani Camara','Unknown','F',220),(4017,'Kris Murray','Unknown','F',215),(4018,'Duop Reath','Unknown','C',245),(4020,'Colby Jones','Unknown','G',205),(4021,'Jalen Slawson','Unknown','F',218),(4023,'Charles Bediako','Unknown','C',220),(4024,'Sidy Cissoko','Unknown','G',225),(4026,'Victor Wembanyama','Unknown','C',225),(4027,'Gradey Dick','Unknown','G',205),(4028,'Markquis Nowell','Unknown','G',160),(4029,'Keyonte George','Unknown','G',185),(4031,'Taylor Hendricks','Unknown','F',210),(4034,'Brice Sensabaugh','Unknown','F',235),(4036,'Bilal Coulibaly','Unknown','SG',195),(4041,'Harry III Giles','Unknown','F',240),(4042,'Nick Jr. Smith','Unknown','G',170),(4043,'Craig Jr. Porter','Unknown','G',186),(4044,'Dereck II Lively','Unknown','C',234),(4047,'Andre Jr. Jackson','Unknown','G',200),(4049,'Ricky IV Council','Unknown','G',207),(4069,'R. Rupert','Unknown','G',0),(4083,'D. Skapintsev','Unknown','C',0),(4084,'A. Flagler','Unknown','F',0),(4085,'Jamie Jr. Jaquez','Unknown','G',0),(4086,'M. Pereira','Unknown','F',0),(4088,'T. Vukcevic','Unknown','PF',0),(4090,'Zaccharie Risacher','Unknown','PF',210),(4092,'Baylor Scheierman','Unknown','F',205),(4093,'Anton Watson','Unknown','F',230),(4095,'Tidjane Salaun','Unknown','F',212),(4096,'K.J. Simpson','Unknown','G',187),(4098,'Matas Buzelis','Unknown','F',195),(4101,'Luke Travers','Unknown','G',207),(4102,'Jaylon Tyson','Unknown','F',215),(4103,'Emanuel Miller','Unknown','F',215),(4104,'Jamarion Sharp','Unknown','C',235),(4105,'Trey Alexander','Unknown','G',190),(4106,'PJ Hall','Unknown','C',238),(4108,'Spencer Jones','Unknown','F',225),(4109,'Gabe McGlothan','Unknown','F',235),(4110,'Jahmir Young','Unknown','G',185),(4111,'Ron II Holland','Unknown','F',206),(4112,'Daniss Jenkins','Unknown','G',180),(4114,'Reece Beekman','Unknown','G',194),(4115,'Jackson Rowe','Unknown','F',210),(4116,'N\'Faly Dante','Unknown','C',210),(4117,'Reed Sheppard','Unknown','G',187),(4118,'Enrique Freeman','Unknown','F',212),(4120,'Tristen Newton','Unknown','G',192),(4121,'Cam Christie','Unknown','G',190),(4122,'RayJ Dennis','Unknown','F',180),(4124,'EJ Harkless','Unknown','G',195),(4125,'Bronny James','Unknown','G',210),(4126,'Dalton Knecht','Unknown','G',204),(4127,'Quincy Olivari','Unknown','G',200),(4128,'Armel Traore','Unknown','F',210),(4129,'Armando Bacot','Unknown','PF',240),(4130,'Zach Edey','Unknown','C',300),(4131,'Yuki Kawamura','Unknown','G',0),(4133,'Jaylen Wells','Unknown','F',205),(4134,'Keshad Johnson','Unknown','F',225),(4135,'Pelle Larsson','Unknown','G',215),(4136,'Zyon Pullin','Unknown','G',205),(4137,'Isaiah Stevens','Unknown','G',185),(4138,'Kel\'el Ware','Unknown','C',240),(4139,'James Akinjo','Unknown','G',190),(4140,'AJ Johnson','Unknown','G',167),(4141,'Tyler Smith','Unknown','F',215),(4142,'Rob Dillingham','Unknown','G',176),(4143,'Jesse Edwards','Unknown','C',240),(4144,'Terrence Jr. Shannon','Unknown','G',225),(4145,'Yves Missi','Unknown','C',235),(4146,'Antonio Reeves','Unknown','G',187),(4147,'Pacome Dadiet','Unknown','G',200),(4148,'Ariel Hukporti','Unknown','C',246),(4149,'Tyler Kolek','Unknown','G',195),(4151,'Alex Ducas','Unknown','G',220),(4152,'Dillon Jones','Unknown','F',240),(4153,'Ajay Mitchell','Unknown','G',190),(4155,'Tristan Silva da','Unknown','F',220),(4156,'Adem Bona','Unknown','C',235),(4159,'Jared McCain','Unknown','G',203),(4160,'Judah Mintz','Unknown','G',185),(4161,'Jalen Bridges','Unknown','F',225),(4162,'Ryan Dunn','Unknown','F',216),(4163,'Oso Ighodaro','Unknown','C',222),(4164,'Donovan Clingan','Unknown','C',280),(4166,'Isaiah Crawford','Unknown','F',220),(4167,'Boogie Ellis','Unknown','G',190),(4168,'Isaac Jones','Unknown','C',245),(4169,'Stephon Castle','Unknown','G',215),(4170,'Harrison Ingram','Unknown','F',234),(4171,'Riley Minix','Unknown','F',230),(4172,'Jamison Battle','Unknown','F',220),(4173,'Branden Carlson','Unknown','C',220),(4174,'Ulrich Chomche','Unknown','C',232),(4175,'Jonathan Mogbo','Unknown','F',225),(4176,'Jamal Shead','Unknown','G',201),(4178,'Isaiah Collier','Unknown','G',210),(4179,'Kyle Filipowski','Unknown','F',248),(4181,'Cody Williams','Unknown','F',190),(4182,'Bub Carrington','Unknown','G',195),(4183,'Kyshawn George','Unknown','F',209),(4184,'Alex Sarr','Unknown','PF',224),(4203,'J Oduro','Unknown','F',0),(4204,'K. Brooks','Unknown','SF',0),(4205,'W. Richardson','Unknown','G',0),(4206,'A. Reese','Unknown','F',0),(4207,'Q. Post','Unknown','C',0),(4208,'M. Wood','Unknown','F',0),(4209,'B. Hinson','Unknown','SG',0),(4210,'A. Estrada','Unknown','G',0),(4211,'Tolu Smith','Unknown','F',0),(4212,'Yongxi Cui','Unknown','G',210),(4213,'Caleb Daniels','Unknown','G',210),(4214,'Miller Kopp','Unknown','F',215),(4215,'Malevy Leons','Unknown','F',205),(4216,'Cormac Ryan','Unknown','G',195),(4217,'Justin Edwards','Unknown','F',203),(4218,'Max Fiedler','Unknown','F',230),(4219,'Jordan Tucker','Unknown','F',210),(4235,'T. Funk','Unknown','F',0),(4238,'E. Harkless','Unknown','NA',0);
/*!40000 ALTER TABLE `players` ENABLE KEYS */;
UNLOCK TABLES;

--
-- Table structure for table `sessions`
--

DROP TABLE IF EXISTS `sessions`;
/*!40101 SET @saved_cs_client     = @@character_set_client */;
/*!50503 SET character_set_client = utf8mb4 */;
CREATE TABLE `sessions` (
  `session_token` varchar(255) NOT NULL,
  `timestamp` int NOT NULL,
  `user_id` int NOT NULL,
  `email` varchar(255) NOT NULL,
  `session_id` int NOT NULL AUTO_INCREMENT,
  PRIMARY KEY (`session_id`),
  KEY `sessions_ibfk_1` (`user_id`),
  KEY `sessions_ibfk_2` (`email`),
  CONSTRAINT `sessions_ibfk_1` FOREIGN KEY (`user_id`) REFERENCES `users` (`user_id`),
  CONSTRAINT `sessions_ibfk_2` FOREIGN KEY (`email`) REFERENCES `users` (`email`)
) ENGINE=InnoDB AUTO_INCREMENT=119 DEFAULT CHARSET=utf8mb4 COLLATE=utf8mb4_0900_ai_ci;
/*!40101 SET character_set_client = @saved_cs_client */;

--
-- Dumping data for table `sessions`
--

LOCK TABLES `sessions` WRITE;
/*!40000 ALTER TABLE `sessions` DISABLE KEYS */;
INSERT INTO `sessions` VALUES ('67089a070a88c',1728616967,4,'test3@test.com',1),('67089a07c16ce',1728616967,4,'test3@test.com',2),('67089b1ad9d6e',1728617242,4,'test3@test.com',3),('67089ba952141',1728617385,4,'test3@test.com',4),('67089c08ec77f',1728617480,4,'test3@test.com',5),('67089c5c37123',1728617564,4,'test3@test.com',6),('670c213bf3bd6',1728848187,4,'test3@test.com',7),('670c2143cf9e0',1728848195,4,'test3@test.com',8),('670c214ad4c6f',1728848202,4,'test3@test.com',9),('670c219d971a3',1728848285,4,'test3@test.com',10),('670c21a614949',1728848294,4,'test3@test.com',11),('670c21eb4574c',1728848363,4,'test3@test.com',12),('670c21f9424a9',1728848377,4,'test3@test.com',13),('670c22660e035',1728848486,4,'test3@test.com',14),('670c23599cf7d',1728848729,4,'test3@test.com',15),('670c23687f698',1728848744,4,'test3@test.com',16),('670c23a11f0c2',1728848801,4,'test3@test.com',17),('670c23dfe47b6',1728848863,4,'test3@test.com',18),('670c249e6377c',1728849054,4,'test3@test.com',19),('670c24c841f72',1728849096,4,'test3@test.com',20),('670c26b6b1915',1728849590,4,'test3@test.com',21),('670c26d8d36e4',1728849624,4,'test3@test.com',22),('670c2799253ba',1728849817,4,'test3@test.com',23),('670c27a90ba55',1728849833,4,'test3@test.com',24),('670c27b8c7a2a',1728849848,4,'test3@test.com',25),('670c27d859e18',1728849880,4,'test3@test.com',26),('670c2975bfe02',1728850293,4,'test3@test.com',27),('670c297614cf9',1728850294,4,'test3@test.com',28),('670c2976475b9',1728850294,4,'test3@test.com',29),('670c29768cf59',1728850294,4,'test3@test.com',30),('670e8328d4eb2',1729004328,6,'test5@test.com',31),('670e83f0d8d83',1729004528,6,'test5@test.com',32),('6717b81327b39',1729629299,8,'jane@test.com',33),('6717b8c0975fe',1729629472,9,'Joe@test.com',34),('6717b90c6857d',1729629548,8,'jane@test.com',35),('6717b975f34ee',1729629653,8,'jane@test.com',36),('6717b9c12462d',1729629729,8,'jane@test.com',37),('6717ba58943c2',1729629880,8,'jane@test.com',38),('6717ba7a4f392',1729629914,8,'jane@test.com',39),('6717babfbaf8e',1729629983,8,'jane@test.com',40),('6717bb1bd54f0',1729630075,8,'jane@test.com',41),('6717bb454263b',1729630117,8,'jane@test.com',42),('6717bc27161d4',1729630343,8,'jane@test.com',43),('6717bdad2b4d8',1729630733,8,'jane@test.com',44),('6717bdf9a959e',1729630809,8,'jane@test.com',45),('6717c150062e4',1729631664,8,'jane@test.com',46),('6717c1ab66605',1729631755,8,'jane@test.com',47),('671aebfb2a579',1729839195,4,'test3@test.com',48),('671aec3ec28cd',1729839262,8,'jane@test.com',49),('671aececef13a',1729839436,8,'jane@test.com',50),('671aedc018024',1729839648,8,'jane@test.com',51),('671aede36c223',1729839683,8,'jane@test.com',52),('671aefe536366',1729840197,8,'jane@test.com',53),('671af0b0b6ffe',1729840400,8,'jane@test.com',54),('671af110d457b',1729840496,4,'test3@test.com',55),('671af177e1c48',1729840599,8,'jane@test.com',56),('671d93352c7ff',1730013077,8,'jane@test.com',57),('6720f2b097467',1730234128,8,'jane@test.com',58),('6720f2b0c9da0',1730234128,8,'jane@test.com',59),('6720f2b0e574c',1730234128,8,'jane@test.com',60),('67214690789c8',1730255600,8,'jane@test.com',61),('67214690ad893',1730255600,8,'jane@test.com',62),('6721469173c17',1730255601,8,'jane@test.com',63),('67214691a8511',1730255601,8,'jane@test.com',64),('6721576c01a9e',1730259916,7,'bob@test.com',65),('6722d9e5632b8',1730358853,8,'jane@test.com',66),('672304d4578e7',1730369844,15,'hank@test.com',67),('672305bfcf430',1730370079,16,'bill@test.com',68),('672305dd202bc',1730370109,17,'peggy@test.com',69),('672306092db39',1730370153,18,'luanne@test.com',70),('672306659dde2',1730370245,8,'jane@test.com',71),('6723091448b46',1730370932,8,'jane@test.com',72),('67230b0923014',1730371433,8,'jane@test.com',73),('67238d62c8a79',1730404802,8,'jane@test.com',74),('67239e530ed9f',1730409139,8,'jane@test.com',75),('672403d1cdbaf',1730435121,8,'jane@test.com',76),('672a3c605362c',1730842816,8,'jane@test.com',77),('672c22cc33d01',1730967340,8,'jane@test.com',78),('672c22cc768c3',1730967340,8,'jane@test.com',79),('672c28569f0b4',1730968758,7,'bob@test.com',80),('672c28f93fa5a',1730968921,15,'hank@test.com',81),('672c2912b152d',1730968946,16,'bill@test.com',82),('672c29259fda7',1730968965,17,'peggy@test.com',83),('672c2bb3d9c5f',1730969619,8,'jane@test.com',84),('672c2bec83df7',1730969676,7,'bob@test.com',85),('672c2c0f3e982',1730969711,15,'hank@test.com',86),('672c2c2775d63',1730969735,16,'bill@test.com',87),('672c2c46cda65',1730969766,17,'peggy@test.com',88),('672c2c5b3ae73',1730969787,8,'jane@test.com',89),('672c2d9d7a744',1730970109,7,'bob@test.com',90),('672c2db7e3774',1730970135,8,'jane@test.com',91),('672c2ddb47296',1730970171,7,'bob@test.com',92),('672c2e9bc1ef3',1730970363,17,'peggy@test.com',93),('672c2ed0bbb95',1730970416,8,'jane@test.com',94),('672c2f2b2556c',1730970507,17,'peggy@test.com',95),('672c2f3e41f70',1730970526,7,'bob@test.com',96),('672c2f51f1584',1730970545,16,'bill@test.com',97),('672c2f697bf76',1730970569,15,'hank@test.com',98),('672c2f9bdbf4a',1730970619,8,'jane@test.com',99),('672c32a279a88',1730971394,7,'bob@test.com',100),('672c3368baa14',1730971592,17,'peggy@test.com',101),('672c33807de5d',1730971616,15,'hank@test.com',102),('672c3397492b7',1730971639,16,'bill@test.com',103),('672c33ec88aea',1730971724,8,'jane@test.com',104),('672c3764f1cc1',1730972612,7,'bob@test.com',105),('672c39d809841',1730973240,7,'bob@test.com',106),('672c39ed97300',1730973261,7,'bob@test.com',107),('672c3bc11ba80',1730973729,17,'peggy@test.com',108),('672c3bfbb0777',1730973787,8,'jane@test.com',109),('672c3e077e82e',1730974311,7,'bob@test.com',110),('672c3f028fb31',1730974562,8,'jane@test.com',111),('672c41d5d1db0',1730975285,17,'peggy@test.com',112),('672c422865ba6',1730975368,8,'jane@test.com',113),('672c447c3ba8f',1730975964,8,'jane@test.com',114),('672cffdaf2bfd',1731023930,8,'jane@test.com',115),('672d003a0f6f8',1731024026,15,'hank@test.com',116),('672d004fe5c5c',1731024047,16,'bill@test.com',117),('672d032fbf68a',1731024783,8,'jane@test.com',118);
/*!40000 ALTER TABLE `sessions` ENABLE KEYS */;
UNLOCK TABLES;

--
-- Table structure for table `standings`
--

DROP TABLE IF EXISTS `standings`;
/*!40101 SET @saved_cs_client     = @@character_set_client */;
/*!50503 SET character_set_client = utf8mb4 */;
CREATE TABLE `standings` (
  `standing_id` int NOT NULL AUTO_INCREMENT,
  `league_id` int DEFAULT NULL,
  `team_id` int DEFAULT NULL,
  `points` int DEFAULT '0',
  `wins` int DEFAULT '0',
  `losses` int DEFAULT '0',
  `ties` int DEFAULT '0',
  PRIMARY KEY (`standing_id`),
  KEY `league_id` (`league_id`),
  KEY `team_id` (`team_id`),
  CONSTRAINT `standings_ibfk_1` FOREIGN KEY (`league_id`) REFERENCES `fantasy_leagues` (`league_id`),
  CONSTRAINT `standings_ibfk_2` FOREIGN KEY (`team_id`) REFERENCES `fantasy_teams` (`team_id`)
) ENGINE=InnoDB DEFAULT CHARSET=utf8mb4 COLLATE=utf8mb4_0900_ai_ci;
/*!40101 SET character_set_client = @saved_cs_client */;

--
-- Dumping data for table `standings`
--

LOCK TABLES `standings` WRITE;
/*!40000 ALTER TABLE `standings` DISABLE KEYS */;
/*!40000 ALTER TABLE `standings` ENABLE KEYS */;
UNLOCK TABLES;

--
-- Table structure for table `teams`
--

DROP TABLE IF EXISTS `teams`;
/*!40101 SET @saved_cs_client     = @@character_set_client */;
/*!50503 SET character_set_client = utf8mb4 */;
CREATE TABLE `teams` (
  `team_id` int NOT NULL,
  `name` varchar(255) NOT NULL,
  `city` varchar(255) NOT NULL,
  `conference` varchar(50) DEFAULT NULL,
  `division` varchar(50) DEFAULT NULL,
  PRIMARY KEY (`team_id`)
) ENGINE=InnoDB DEFAULT CHARSET=utf8mb4 COLLATE=utf8mb4_0900_ai_ci;
/*!40101 SET character_set_client = @saved_cs_client */;

--
-- Dumping data for table `teams`
--

LOCK TABLES `teams` WRITE;
/*!40000 ALTER TABLE `teams` DISABLE KEYS */;
INSERT INTO `teams` VALUES (1,'Atlanta Hawks','Atlanta','East','Southeast'),(2,'Boston Celtics','Boston','East','Atlantic'),(3,'Brisbane Bullets','Brisbane','Intl',NULL),(4,'Brooklyn Nets','Brooklyn','East','Atlantic'),(5,'Charlotte Hornets','Charlotte','East','Southeast'),(6,'Chicago Bulls','Chicago','East','Central'),(7,'Cleveland Cavaliers','Cleveland','East','Central'),(8,'Dallas Mavericks','Dallas','West','Southwest'),(9,'Denver Nuggets','Denver','West','Northwest'),(10,'Detroit Pistons','Detroit','East','Central'),(11,'Golden State Warriors','Golden State','West','Pacific'),(14,'Houston Rockets','Houston','West','Southwest'),(15,'Indiana Pacers','Indiana','East','Central'),(16,'LA Clippers','LA','West','Pacific'),(17,'Los Angeles Lakers','Los Angeles','West','Pacific'),(19,'Memphis Grizzlies','Memphis','West','Southwest'),(20,'Miami Heat','Miami','East','Southeast'),(21,'Milwaukee Bucks','Milwaukee','East','Central'),(22,'Minnesota Timberwolves','Minnesota','West','Northwest'),(23,'New Orleans Pelicans','New Orleans','West','Southwest'),(24,'New York Knicks','New York','East','Atlantic'),(25,'Oklahoma City Thunder','Oklahoma City','West','Northwest'),(26,'Orlando Magic','Orlando','East','Southeast'),(27,'Philadelphia 76ers','Philadelphia','East','Atlantic'),(28,'Phoenix Suns','Phoenix','West','Pacific'),(29,'Portland Trail Blazers','Portland','West','Northwest'),(30,'Sacramento Kings','Sacramento','West','Pacific'),(31,'San Antonio Spurs','San Antonio','West','Southwest'),(34,'Team Team Durant','Team','East','East'),(35,'Team LeBron','Team','West','West'),(36,'Away Team Wilbon','Away','East','East'),(37,'Home Team Stephen A','Home','East','East'),(38,'Toronto Raptors','Toronto','East','Atlantic'),(39,'USA USA','USA','East','East'),(40,'Utah Jazz','Utah','West','Northwest'),(41,'Washington Wizards','Washington','East','Southeast'),(42,'World World','World','East','East'),(102,'Utah Blue','Utah','West','Northwest'),(103,'Utah White','Utah','West','Northwest');
/*!40000 ALTER TABLE `teams` ENABLE KEYS */;
UNLOCK TABLES;

--
-- Table structure for table `users`
--

DROP TABLE IF EXISTS `users`;
/*!40101 SET @saved_cs_client     = @@character_set_client */;
/*!50503 SET character_set_client = utf8mb4 */;
CREATE TABLE `users` (
  `user_id` int NOT NULL AUTO_INCREMENT,
  `email` varchar(255) NOT NULL,
  `hashed_password` varchar(255) DEFAULT NULL,
  `created_at` timestamp NOT NULL DEFAULT CURRENT_TIMESTAMP,
  `is_admin` tinyint(1) DEFAULT '0',
  `phone_number` varchar(15) DEFAULT NULL,
  PRIMARY KEY (`user_id`),
  UNIQUE KEY `email` (`email`)
) ENGINE=InnoDB AUTO_INCREMENT=19 DEFAULT CHARSET=utf8mb4 COLLATE=utf8mb4_0900_ai_ci;
/*!40101 SET character_set_client = @saved_cs_client */;

--
-- Dumping data for table `users`
--

LOCK TABLES `users` WRITE;
/*!40000 ALTER TABLE `users` DISABLE KEYS */;
INSERT INTO `users` VALUES (1,'test@test.com','$2y$10$xOmESEAb/1e/2aswcLfsIugQpipvo6MGdrRNgtwpB9A3DhuO.KN72','2024-10-10 15:23:17',0,NULL),(2,'test1@test.com','*0','2024-10-10 20:53:50',0,NULL),(3,'test2@test.com','*0','2024-10-10 20:55:41',0,NULL),(4,'test3@test.com','Test44!!','2024-10-11 00:35:52',0,NULL),(5,'test4@test.com','Test44!!','2024-10-11 03:22:47',0,NULL),(6,'test5@test.com','Test44!!','2024-10-15 14:47:34',0,NULL),(7,'bob@test.com','Test44!!','2024-10-22 14:33:29',0,NULL),(8,'jane@test.com','Test44!!','2024-10-22 14:34:43',0,NULL),(9,'Joe@test.com','Joe12345!','2024-10-22 14:35:33',0,NULL),(10,'Lo@test.com','Jersey12345!','2024-10-25 01:30:20',0,NULL),(11,'testtesttest@testing.com','testtesttest','2024-10-25 01:47:57',0,NULL),(13,'miz@example.com','passpassword','2024-10-29 23:46:09',0,'2014497700'),(14,'enis@example.com','password_here','2024-10-29 23:47:53',0,'9736894898'),(15,'hank@test.com','Test44!!','2024-10-31 04:15:10',0,NULL),(16,'bill@test.com','Test44!!','2024-10-31 04:15:32',0,NULL),(17,'peggy@test.com','Test44!!','2024-10-31 04:15:52',0,NULL),(18,'luanne@test.com','Test44!!','2024-10-31 04:16:12',0,NULL);
/*!40000 ALTER TABLE `users` ENABLE KEYS */;
UNLOCK TABLES;
/*!40103 SET TIME_ZONE=@OLD_TIME_ZONE */;

/*!40101 SET SQL_MODE=@OLD_SQL_MODE */;
/*!40014 SET FOREIGN_KEY_CHECKS=@OLD_FOREIGN_KEY_CHECKS */;
/*!40014 SET UNIQUE_CHECKS=@OLD_UNIQUE_CHECKS */;
/*!40101 SET CHARACTER_SET_CLIENT=@OLD_CHARACTER_SET_CLIENT */;
/*!40101 SET CHARACTER_SET_RESULTS=@OLD_CHARACTER_SET_RESULTS */;
/*!40101 SET COLLATION_CONNECTION=@OLD_COLLATION_CONNECTION */;
/*!40111 SET SQL_NOTES=@OLD_SQL_NOTES */;

-- Dump completed on 2024-11-21 11:15:46
